room_id;room_name;area_m2;component_type;component_id;object_type;x_m;y_m;z_m;x_norm;y_norm;z_norm
1S$f5UJPL6lvvbafDPKlIx;0.03d;10.153865312501253;lamp;2cItPlyHHCagf8BrNhpjT2;63_LF_Sylvania Start Surface Slim IP54 Square 4000LM 2CCT D opbouw:S20;8.583493334128343;20.91487290014239;2.575;0.4917440576584909;0.6874747663926674;0.9537037037037037
1S$f5UJPL6lvvbafDPKlIx;0.03d;10.153865312501253;socket;3QbHax$TTA59iZCPHwZLdD;62_EF_wcd_inbouw_tweevoudig_kindvriendelijk_hor:wcd inbouw tweevoudig;9.942124999999745;21.05532290014589;0.2750000000000001;0.9999999999999123;0.7244498881521722;0.10185185185185187
1S$f5UJPL6lvvbafDPKlIx;0.03d;10.153865312501253;socket;3QbHax$TTA59iZCPHwZLdG;62_EF_wcd_inbouw_tweevoudig_kindvriendelijk_hor:wcd inbouw tweevoudig;10.012124999999704;21.528572900142287;0.2750000000000001;1.026186579377966;0.8490385415670294;0.10185185185185187
1S$f5UJPL6lvvbafDPKlIx;0.03d;10.153865312501253;socket;3QbHax$TTA59iZCPHwZMGp;62_EF_wcd_inbouw_enkelvoudig:wcd enkelvoudig;7.268999999999805;21.848566278604288;0.2750000000000001;-7.309768616657622e-14;0.9332805788085615;0.10185185185185187
1S$f5UJPL6lvvbafDPKlIx;0.03d;10.153865312501253;socket;3QbHax$TTA59iZCPHwZMGm;62_EF_wcd_inbouw_enkelvoudig:wcd enkelvoudig;7.268999999999805;20.023566278604292;0.2750000000000001;-7.309768616657622e-14;0.45282776848876255;0.10185185185185187
1S$f5UJPL6lvvbafDPKlIx;0.03d;10.153865312501253;socket;3GvW2Im$P22xEgM773_lOh;62_EF_wcd_inbouw_enkelvoudig:wcd enkelvoudig;9.942124999999765;21.36112531277149;0.2750000000000001;0.9999999999999196;0.8049559859869918;0.10185185185185187
1S$f5UJPL6lvvbafDPKlDO;0.03a;4.395984917387336;lamp;2cItPlyHHCagf8BrNhpjT4;63_LF_Sylvania Start Surface Slim IP54 Square 1900LM 2CCT D opbouw:S21;9.222018216255915;17.379572900142286;2.575;0.32499621168367004;0.5962519622423367;0.9537037037037037
1S$f5UJPL6lvvbafDPKlDT;0.03b;3.679577364866389;socket;3QbHax$TTA59iZCPHwZLdh;62_EF_wcd_opbouw_enkelvoudig:wcd opbouw enkelvoudig;7.984914886955735;16.118072900142387;1.8750000000000002;0.560394210716465;-0.00014828568968434767;0.6944444444444445
1S$f5UJPL6lvvbafDPKlDT;0.03b;3.679577364866389;socket;3QbHax$TTA59iZCPHwZMNq;62_EF_wcd_inbouw_enkelvoudig:wcd enkelvoudig;7.268999999999805;16.78857290014229;1.475;-1.5295199440807987e-13;0.23264400664599313;0.5462962962962963
1S$f5UJPL6lvvbafDPKlAI;0.07d;10.153865312501603;lamp;2cItPlyHHCagf8BrNhpjVa;63_LF_Sylvania Start Surface Slim IP54 Square 4000LM 2CCT D opbouw:S20;27.483493334128305;20.91487290014239;2.575;0.4917440576584727;0.6874747663926758;0.9537037037037037
1S$f5UJPL6lvvbafDPKlAI;0.07d;10.153865312501603;socket;3QbHax$TTA59iZCPHwZMRn;62_EF_wcd_inbouw_tweevoudig_kindvriendelijk_hor:wcd inbouw tweevoudig;28.842124999999708;21.05532290014579;0.2750000000000001;0.999999999999891;0.7244498881521534;0.10185185185185187
1S$f5UJPL6lvvbafDPKlAI;0.07d;10.153865312501603;socket;3QbHax$TTA59iZCPHwZMRq;62_EF_wcd_inbouw_tweevoudig_kindvriendelijk_hor:wcd inbouw tweevoudig;28.91212499999971;21.528572900142287;0.2750000000000001;1.0261865793779599;0.8490385415670335;0.10185185185185187
1S$f5UJPL6lvvbafDPKlAI;0.07d;10.153865312501603;socket;3QbHax$TTA59iZCPHwZMMY;62_EF_wcd_inbouw_enkelvoudig:wcd enkelvoudig;26.168999999999805;21.84756627860419;0.2750000000000001;-7.309768616657569e-14;0.933017316994664;0.10185185185185187
1S$f5UJPL6lvvbafDPKlAI;0.07d;10.153865312501603;socket;3QbHax$TTA59iZCPHwZMMZ;62_EF_wcd_inbouw_enkelvoudig:wcd enkelvoudig;26.168999999999805;20.022566278604188;0.2750000000000001;-7.309768616657569e-14;0.4525645066748761;0.10185185185185187
1S$f5UJPL6lvvbafDPKlAI;0.07d;10.153865312501603;socket;3GvW2Im$P22xEgM773_lND;62_EF_wcd_inbouw_enkelvoudig:wcd enkelvoudig;28.842124999999804;21.36112531277149;0.2750000000000001;0.999999999999927;0.8049559859869971;0.10185185185185187
1S$f5UJPL6lvvbafDPKlAo;0.07a;4.395984917387577;lamp;2cItPlyHHCagf8BrNhpjVc;63_LF_Sylvania Start Surface Slim IP54 Square 1900LM 2CCT D opbouw:S21;28.122018216255906;17.379572900142286;2.575;0.32499621168367127;0.5962519622424036;0.9537037037037037
1S$f5UJPL6lvvbafDPKlAt;0.07b;3.7371823648665887;socket;3QbHax$TTA59iZCPHwZMRF;62_EF_wcd_inbouw_tweevoudig_kindvriendelijk_hor:wcd inbouw tweevoudig;32.18899999999981;18.391417471365486;0.2750000000000001;-0.21579626608064367;0.7891389536899049;0.10185185185185187
1S$f5UJPL6lvvbafDPKlAt;0.07b;3.7371823648665887;socket;3QbHax$TTA59iZCPHwZMQz;62_EF_wcd_opbouw_enkelvoudig:wcd opbouw enkelvoudig;33.18491488695571;16.118072900142387;1.8750000000000002;0.5517562837017198;-0.00014828568961527312;0.6944444444444445
1S$f5UJPL6lvvbafDPKlAt;0.07b;3.7371823648665887;socket;3QbHax$TTA59iZCPHwZMMp;62_EF_wcd_inbouw_enkelvoudig:wcd enkelvoudig;32.46899999999981;16.78857290014229;1.475;-1.478563096509476e-13;0.23264400664606222;0.5462962962962963
1S$f5UJPL6lvvbafDPKexJ;0.12d;10.153865312501335;lamp;2cItPlyHHCagf8BrNhpj43;63_LF_Sylvania Start Surface Slim IP54 Square 4000LM 2CCT D opbouw:S20;11.974506665871205;7.896522900141728;2.575;0.5082559423413439;0.31341921814968304;0.9537037037037037
1S$f5UJPL6lvvbafDPKexJ;0.12d;10.153865312501335;socket;39TNNt2NLD$gJb58MtKdIm;62_EF_wcd_inbouw_enkelvoudig:wcd enkelvoudig;13.288999999999804;6.963829521679829;0.2750000000000001;0.999999999999927;0.06787666754766206;0.10185185185185187
1S$f5UJPL6lvvbafDPKexJ;0.12d;10.153865312501335;socket;39TNNt2NLD$gJb58MtKdIn;62_EF_wcd_inbouw_enkelvoudig:wcd enkelvoudig;13.288999999999804;8.788829521679828;0.2750000000000001;0.999999999999927;0.5483294778674617;0.10185185185185187
1S$f5UJPL6lvvbafDPKexJ;0.12d;10.153865312501335;socket;39TNNt2NLD$gJb58MtKdJq;62_EF_wcd_inbouw_tweevoudig_kindvriendelijk_hor:wcd inbouw tweevoudig;10.615876845866305;7.756072900138308;0.2750000000000001;6.905274928223995e-07;0.2764440963901987;0.10185185185185187
1S$f5UJPL6lvvbafDPKexJ;0.12d;10.153865312501335;socket;39TNNt2NLD$gJb58MtKdJt;62_EF_wcd_inbouw_tweevoudig_kindvriendelijk_hor:wcd inbouw tweevoudig;10.545876845866305;7.282822900138409;0.2750000000000001;-0.026185888850576034;0.1518554429744194;0.10185185185185187
1S$f5UJPL6lvvbafDPKexJ;0.12d;10.153865312501335;socket;3GvW2Im$P22xEgM773_lKg;62_EF_wcd_inbouw_enkelvoudig:wcd enkelvoudig;10.615874999999704;7.446020487513148;0.2750000000000001;-1.1097557808925581e-13;0.19481913584653152;0.10185185185185187
1S$f5UJPL6lvvbafDPKexp;0.12a;17.171209999999984;lamp;20awYkbFLD5eOZMhSj_Emc;63_LF_Sylvania Start Pael 600x600 3200LM 840 LILO:S22;18.153999999999805;9.692322900141809;2.375;0.49999999999993194;0.4991346983355856;0.8796296296296295
1S$f5UJPL6lvvbafDPKexp;0.12a;17.171209999999984;lamp;20awYkbFLD5eOZMhSj_Emq;63_LF_Sylvania Start Pael 600x600 3200LM 840 LILO:S22;18.153999999999805;11.492322900141989;2.375;0.49999999999993194;0.7999871135119487;0.8796296296296295
1S$f5UJPL6lvvbafDPKexp;0.12a;17.171209999999984;lamp;20awYkbFLD5eOZMhSj_Emz;63_LF_Sylvania Start Pael 600x600 3200LM 840 LILO:S22;18.153999999999805;7.892322900141949;2.375;0.49999999999993194;0.19828228315927598;0.8796296296296295
1S$f5UJPL6lvvbafDPKexp;0.12a;17.171209999999984;socket;0cr5v9z6r6te8sszDMqjWa;63_LF_Wieland_contactdoos:contactdoos 4-voudig;18.692009935268903;10.815845538581689;2.575;0.6874599077591999;0.6869205312688766;0.9537037037037037
1S$f5UJPL6lvvbafDPKexp;0.12a;17.171209999999984;socket;0tEKsIdQr1R8AhS2rK$Vyy;62_EF_wcd_inbouw_enkelvoudig2:wcd enkelvoudig;19.593400000000205;10.378572900142288;2.075;1.001533101045368;0.6138346816216426;0.7685185185185185
1S$f5UJPL6lvvbafDPKexp;0.12a;17.171209999999984;socket;0tEKsIdQr1R8AhS2rK$Vy$;62_EF_wcd_inbouw_enkelvoudig2:wcd enkelvoudig;19.584400000000006;10.368572900142288;0.6250000000000001;0.9983972125435565;0.6121632793151075;0.2314814814814815
1S$f5UJPL6lvvbafDPKexp;0.12a;17.171209999999984;socket;0tEKsIdQr1R8AhS2rK$Vy_;62_EF_wcd_inbouw_tweevoudig_kindvriendelijk:wcd inbouw tweevoudig;19.589999999999804;9.758572900142289;1.225;1.0003484320556815;0.5102077386164614;0.4537037037037037
1S$f5UJPL6lvvbafDPKexp;0.12a;17.171209999999984;socket;1_uIwJjeH7efmyhhu3zcew;62_EF_wcd_inbouw_enkelvoudig2:wcd enkelvoudig 2;16.718750000001407;8.98857290014229;0.6250000000000001;-8.710801344749802e-05;0.38150976101325235;0.2314814814814815
1S$f5UJPL6lvvbafDPKexp;0.12a;17.171209999999984;socket;1_uIwJjeH7efmyhhu3zcex;62_EF_wcd_inbouw_tweevoudig_kindvriendelijk:wcd inbouw tweevoudig;16.718750000001407;9.599065994048209;1.225;-8.710801344749802e-05;0.48354771754106773;0.4537037037037037
1S$f5UJPL6lvvbafDPKexp;0.12a;17.171209999999984;socket;1_uIwJjeH7efmyhhu3zceu;62_EF_wcd_inbouw_enkelvoudig2:wcd enkelvoudig 2;16.718750000001503;8.97857290014229;2.075;-8.710801341407528e-05;0.3798383587067172;0.7685185185185185
1S$f5UJPL6lvvbafDPKexp;0.12a;17.171209999999984;socket;1_uIwJjeH7efmyhhu3zcep;62_EF_wcd_inbouw_enkelvoudig2:wcd enkelvoudig 2;16.718750000001407;7.118572900142288;0.6250000000000001;-8.710801344749802e-05;0.06895752969117296;0.2314814814814815
1S$f5UJPL6lvvbafDPKexp;0.12a;17.171209999999984;socket;1_uIwJjeH7efmyhhu3zcem;62_EF_wcd_inbouw_tweevoudig_kindvriendelijk:wcd inbouw tweevoudig;16.718750000001407;7.729065994048049;1.225;-8.710801344749802e-05;0.17099548621896177;0.4537037037037037
1S$f5UJPL6lvvbafDPKexp;0.12a;17.171209999999984;socket;1_uIwJjeH7efmyhhu3zcen;62_EF_wcd_inbouw_enkelvoudig2:wcd enkelvoudig 2;16.718750000001503;7.108572900142288;2.075;-8.710801341407528e-05;0.06728612738463781;0.7685185185185185
1S$f5UJPL6lvvbafDPKexp;0.12a;17.171209999999984;socket;0d3$$WymLAff9scBgfUVSw;62_EF_wcd_inbouw_enkelvoudig2:wcd enkelvoudig;19.593400000000607;8.508572900142289;2.075;1.001533101045508;0.3012824502995635;0.7685185185185185
1S$f5UJPL6lvvbafDPKexp;0.12a;17.171209999999984;socket;0d3$$WymLAff9scBgfUVSz;62_EF_wcd_inbouw_enkelvoudig2:wcd enkelvoudig;19.584400000000304;8.498572900142289;0.6250000000000001;0.9983972125436605;0.29961104799302835;0.2314814814814815
1S$f5UJPL6lvvbafDPKexp;0.12a;17.171209999999984;socket;0d3$$WymLAff9scBgfUVSy;62_EF_wcd_inbouw_tweevoudig_kindvriendelijk:wcd inbouw tweevoudig;19.589999999999804;7.888572900142289;1.225;1.0003484320556815;0.19765550729438214;0.4537037037037037
1S$f5UJPL6lvvbafDPKexq;0.12b;3.736533604799498;socket;39TNNt2NLD$gJb58MtKdIs;62_EF_wcd_opbouw_enkelvoudig:wcd opbouw enkelvoudig;12.600085113043106;12.689072900142689;1.8750000000000002;0.46905264195512925;1.0000253147470053;0.6944444444444445
1S$f5UJPL6lvvbafDPKexq;0.12b;3.736533604799498;socket;39TNNt2NLD$gJb58MtKdJ2;62_EF_wcd_inbouw_enkelvoudig:wcd enkelvoudig;13.288999999999804;12.022822900141588;1.475;0.9999999999998495;0.7686684261278257;0.5462962962962963
1S$f5UJPL6lvvbafDPKeq2;0.11e;41.18861300000845;lamp;2cItPlyHHCagf8BrNhpj2U;63_LF_Sylvania Start Surface Slim IP54 Square 4000LM 2CCT D opbouw:S20;2.603131665870695;11.443322900139789;2.575;0.24933348579046308;0.8017858063712379;0.9537037037037037
1S$f5UJPL6lvvbafDPKeq2;0.11e;41.18861300000845;lamp;2cItPlyHHCagf8BrNhpj2V;63_LF_Sylvania Start Surface Slim IP54 Square 4000LM 2CCT D opbouw:S20;2.6031316658706647;8.249322900135217;2.575;0.24933348579045847;0.29355126106072527;0.9537037037037037
1S$f5UJPL6lvvbafDPKeq2;0.11e;41.18861300000845;lamp;2cItPlyHHCagf8BrNhpj2H;63_LF_Sylvania Start Surface Slim IP54 Square 1900LM 2CCT D opbouw:S21;5.0629817837429645;11.431822900141988;2.575;0.6246539187889784;0.7999559074138349;0.9537037037037037
1S$f5UJPL6lvvbafDPKeq2;0.11e;41.18861300000845;socket;3QbHax$TTA59iZCPHwZMIh;62_EF_wcd_opbouw_enkelvoudig:wcd opbouw enkelvoudig;6.300085113043145;12.689072900142689;1.8750000000000002;0.8134093855726494;1.0000115999908805;0.6944444444444445
1S$f5UJPL6lvvbafDPKeq2;0.11e;41.18861300000845;socket;3QbHax$TTA59iZCPHwZMI3;62_EF_wcd_inbouw_enkelvoudig:wcd enkelvoudig;6.9889999999998045;12.022822900141588;1.475;0.9185230393652432;0.8939968016774166;0.5462962962962963
1S$f5UJPL6lvvbafDPKeq2;0.11e;41.18861300000845;socket;3QbHax$TTA59iZCPHwZMIV;62_EF_wcd_inbouw_tweevoudig_kindvriendelijk_hor:wcd inbouw tweevoudig;2.594875488880475;12.689072900142788;1.175;0.24807377004584602;1.0000115999908963;0.4351851851851852
1S$f5UJPL6lvvbafDPKeq2;0.11e;41.18861300000845;socket;3QbHax$TTA59iZCPHwZMIT;62_EF_wcd_perilex_2_fasen:perilex 2 fasen;3.057392207109485;12.69332290013609;0.2750000000000001;0.3186439131994942;1.0006878669959567;0.10185185185185187
1S$f5UJPL6lvvbafDPKeq2;0.11e;41.18861300000845;socket;3QbHax$TTA59iZCPHwZMHY;62_EF_wcd_inbouw_enkelvoudig:wcd enkelvoudig;3.3499999999998047;12.689072900142788;0.2750000000000001;0.3632895941409528;1.0000115999908963;0.10185185185185187
1S$f5UJPL6lvvbafDPKeq2;0.11e;41.18861300000845;socket;3QbHax$TTA59iZCPHwZMHZ;62_EF_wcd_inbouw_enkelvoudig:wcd enkelvoudig;3.057392207109485;12.689072900142788;2.2750000000000004;0.3186439131994942;1.0000115999908963;0.8425925925925927
1S$f5UJPL6lvvbafDPKeq2;0.11e;41.18861300000845;socket;3QbHax$TTA59iZCPHwZMH8;62_EF_wcd_inbouw_tweevoudig_kindvriendelijk_hor:wcd inbouw tweevoudig;4.245876845866294;7.282822900138429;0.2750000000000001;0.49998120931740836;0.13976018778574875;0.10185185185185187
1S$f5UJPL6lvvbafDPKeq2;0.11e;41.18861300000845;socket;39TNNt2NLD$gJb58MtKdKh;62_EF_wcd_inbouw_tweevoudig_kindvriendelijk_hor:wcd inbouw tweevoudig;7.268999999999805;7.9887760251351985;0.2750000000000001;0.9612450411961861;0.2520926127991348;0.10185185185185187
1S$f5UJPL6lvvbafDPKeq2;0.11e;41.18861300000845;socket;39TNNt2NLD$gJb58MtKdKr;62_EF_wcd_inbouw_tweevoudig_kindvriendelijk_hor:wcd inbouw tweevoudig;7.268999999999805;10.419978328918587;0.2750000000000001;0.9612450411961861;0.638949531214743;0.10185185185185187
1S$f5UJPL6lvvbafDPKeq2;0.11e;41.18861300000845;socket;3GvW2Im$P22xEgM773_lMU;62_EF_wcd_inbouw_enkelvoudig:wcd enkelvoudig;4.315874999999744;7.446020487513168;0.2750000000000001;0.5106614281354508;0.16572845692008017;0.10185185185185187
1S$f5UJPL6lvvbafDPKeq2;0.11e;41.18861300000845;socket;3GvW2Im$P22xEgM773_lKb;62_EF_wcd_inbouw_enkelvoudig:wcd enkelvoudig;7.268999999999805;7.6885885251356685;0.2750000000000001;0.9612450411961861;0.20432628294004204;0.10185185185185187
1S$f5UJPL6lvvbafDPKeq2;0.11e;41.18861300000845;socket;0HufO$z_vC9wyd8K0d2STC;62_EF_wcd_inbouw_enkelvoudig:wcd enkelvoudig;1.5499999999998046;12.689072900142788;1.175;0.08864815379917679;1.0000115999908963;0.4351851851851852
1S$f5UJPL6lvvbafDPKeq0;0.11d;10.153865312501681;lamp;2cItPlyHHCagf8BrNhpj2G;63_LF_Sylvania Start Surface Slim IP54 Square 4000LM 2CCT D opbouw:S20;5.6745066658712355;7.896522900141748;2.575;0.5082559423413591;0.31341921814967993;0.9537037037037037
1S$f5UJPL6lvvbafDPKeq0;0.11d;10.153865312501681;socket;3QbHax$TTA59iZCPHwZMIi;62_EF_wcd_inbouw_enkelvoudig:wcd enkelvoudig;6.9889999999998045;6.963829521679848;0.2750000000000001;0.999999999999927;0.06787666754766543;0.10185185185185187
1S$f5UJPL6lvvbafDPKeq0;0.11d;10.153865312501681;socket;3QbHax$TTA59iZCPHwZMIj;62_EF_wcd_inbouw_enkelvoudig:wcd enkelvoudig;6.9889999999998045;8.788829521679848;0.2750000000000001;0.999999999999927;0.5483294778674525;0.10185185185185187
1S$f5UJPL6lvvbafDPKeq0;0.11d;10.153865312501681;socket;3QbHax$TTA59iZCPHwZMH5;62_EF_wcd_inbouw_tweevoudig_kindvriendelijk_hor:wcd inbouw tweevoudig;4.315876845866295;7.756072900138329;0.2750000000000001;6.905274968095406e-07;0.2764440963901968;0.10185185185185187
1S$f5UJPL6lvvbafDPKenp;0.10e;56.065370903702885;lamp;2cItPlyHHCagf8BrNhpj3V;63_LF_Sylvania Start Surface Slim IP54 Square 4000LM 2CCT D opbouw:S20;-3.6968683341293054;11.443322900139789;2.575;0.18373414441259084;0.8017858063712363;0.9537037037037037
1S$f5UJPL6lvvbafDPKenp;0.10e;56.065370903702885;lamp;2cItPlyHHCagf8BrNhpj3G;63_LF_Sylvania Start Surface Slim IP54 Square 4000LM 2CCT D opbouw:S20;-3.696868334129335;8.249322900135239;2.575;0.1837341444125875;0.29355126106072305;0.9537037037037037
1S$f5UJPL6lvvbafDPKenp;0.10e;56.065370903702885;lamp;2cItPlyHHCagf8BrNhpj3I;63_LF_Sylvania Start Surface Slim IP54 Square 1900LM 2CCT D opbouw:S21;-1.2370182162570356;11.43182290014209;2.575;0.45946456082815995;0.7999559074138495;0.9537037037037037
1S$f5UJPL6lvvbafDPKenp;0.10e;56.065370903702885;socket;3QbHax$TTA59iZCPHwZMIH;62_EF_wcd_inbouw_tweevoudig_kindvriendelijk_hor:wcd inbouw tweevoudig;0.9689999999998046;7.988776025135218;0.2750000000000001;0.7067423591661213;0.252092612799132;0.10185185185185187
1S$f5UJPL6lvvbafDPKenp;0.10e;56.065370903702885;socket;3QbHax$TTA59iZCPHwZMIL;62_EF_wcd_inbouw_tweevoudig_kindvriendelijk_hor:wcd inbouw tweevoudig;0.9689999999998046;10.419978328918587;0.2750000000000001;0.7067423591661213;0.6389495312147402;0.10185185185185187
1S$f5UJPL6lvvbafDPKenp;0.10e;56.065370903702885;socket;3GvW2Im$P22xEgM773_lMP;62_EF_wcd_inbouw_enkelvoudig:wcd enkelvoudig;0.9689999999998046;7.688588525135688;0.2750000000000001;0.7067423591661213;0.20432628294003885;0.10185185185185187
1S$f5UJPL6lvvbafDPKenp;0.10e;56.065370903702885;socket;0HufO$z_vC9wyd8K0d2S2l;62_EF_wcd_opbouw_enkelvoudig:wcd opbouw enkelvoudig;8.511304314738486e-05;12.689072900142788;1.8750000000000002;0.5981343983352022;1.0000115999908963;0.6944444444444445
1S$f5UJPL6lvvbafDPKenp;0.10e;56.065370903702885;socket;0HufO$z_vC9wyd8K0d2S2x;62_EF_wcd_inbouw_enkelvoudig:wcd enkelvoudig;0.6889999999998047;12.022822900141689;1.475;0.6753564970619944;0.8939968016774318;0.5462962962962963
1S$f5UJPL6lvvbafDPKenp;0.10e;56.065370903702885;socket;0HufO$z_vC9wyd8K0d2S2D;62_EF_wcd_inbouw_tweevoudig_kindvriendelijk_hor:wcd inbouw tweevoudig;-5.336000000000196;7.988776025135248;0.2750000000000001;-2.1902764246447443e-14;0.2520926127991368;0.10185185185185187
1S$f5UJPL6lvvbafDPKenp;0.10e;56.065370903702885;socket;0HufO$z_vC9wyd8K0d2S29;62_EF_wcd_inbouw_tweevoudig_kindvriendelijk_hor:wcd inbouw tweevoudig;-5.331000000000196;10.419978328918688;0.2750000000000001;0.0005604618232660656;0.6389495312147563;0.10185185185185187
1S$f5UJPL6lvvbafDPKenp;0.10e;56.065370903702885;socket;0HufO$z_vC9wyd8K0d2S2L;62_EF_wcd_inbouw_tweevoudig_kindvriendelijk_hor:wcd inbouw tweevoudig;-3.7051245111195255;12.689072900142788;1.175;0.18280869001072544;1.0000115999908963;0.4351851851851852
1S$f5UJPL6lvvbafDPKenp;0.10e;56.065370903702885;socket;0HufO$z_vC9wyd8K0d2S2M;62_EF_wcd_inbouw_enkelvoudig:wcd enkelvoudig;-4.750000000000195;12.689072900142788;1.175;0.06568612568932942;1.0000115999908963;0.4351851851851852
1S$f5UJPL6lvvbafDPKenp;0.10e;56.065370903702885;socket;0HufO$z_vC9wyd8K0d2S2N;62_EF_wcd_perilex_2_fasen:perilex 2 fasen;-3.2426077928905257;12.69332290013609;0.2750000000000001;0.23465328265068508;1.0006878669959567;0.10185185185185187
1S$f5UJPL6lvvbafDPKenp;0.10e;56.065370903702885;socket;0HufO$z_vC9wyd8K0d2S2G;62_EF_wcd_inbouw_enkelvoudig:wcd enkelvoudig;-2.9500000000001956;12.689072900142788;0.2750000000000001;0.2674523820730023;1.0000115999908963;0.10185185185185187
1S$f5UJPL6lvvbafDPKenp;0.10e;56.065370903702885;socket;0HufO$z_vC9wyd8K0d2S2H;62_EF_wcd_inbouw_enkelvoudig:wcd enkelvoudig;-3.2426077928905257;12.689072900142788;2.2750000000000004;0.23465328265068508;1.0000115999908963;0.8425925925925927
1S$f5UJPL6lvvbafDPKenp;0.10e;56.065370903702885;socket;0HufO$z_vC9wyd8K0d2STX;62_EF_wcd_inbouw_tweevoudig_kindvriendelijk_hor:wcd inbouw tweevoudig;-2.0541231541337157;7.282822900138458;0.2750000000000001;0.36787333616816476;0.1397601877857466;0.10185185185185187
1S$f5UJPL6lvvbafDPKenp;0.10e;56.065370903702885;socket;0HufO$z_vC9wyd8K0d2SS5;62_EF_wcd_inbouw_enkelvoudig:wcd enkelvoudig;-1.9841250000002555;7.446020487513199;0.2750000000000001;0.3757195947866512;0.16572845692007837;0.10185185185185187
1S$f5UJPL6lvvbafDPKenp;0.10e;56.065370903702885;socket;0HufO$z_vC9wyd8K0d2SS6;62_EF_wcd_inbouw_enkelvoudig:wcd enkelvoudig;-5.342599999999695;7.688588525135718;0.2750000000000001;-0.0007398096067059538;0.20432628294004365;0.10185185185185187
1S$f5UJPL6lvvbafDPKenn;0.10d;10.153865312502061;lamp;2cItPlyHHCagf8BrNhpj3H;63_LF_Sylvania Start Surface Slim IP54 Square 4000LM 2CCT D opbouw:S20;-0.6254933341287604;7.896522900141768;2.575;0.508255942341366;0.31341921814967716;0.9537037037037037
1S$f5UJPL6lvvbafDPKenn;0.10d;10.153865312502061;socket;0HufO$z_vC9wyd8K0d2S2f;62_EF_wcd_inbouw_enkelvoudig:wcd enkelvoudig;0.6889999999998047;6.9638295216798785;0.2750000000000001;0.999999999999927;0.06787666754767159;0.10185185185185187
1S$f5UJPL6lvvbafDPKenn;0.10d;10.153865312502061;socket;0HufO$z_vC9wyd8K0d2S2g;62_EF_wcd_inbouw_enkelvoudig:wcd enkelvoudig;0.6889999999998047;8.788829521679878;0.2750000000000001;0.999999999999927;0.548329477867446;0.10185185185185187
1S$f5UJPL6lvvbafDPKenn;0.10d;10.153865312502061;socket;0HufO$z_vC9wyd8K0d2STd;62_EF_wcd_inbouw_tweevoudig_kindvriendelijk_hor:wcd inbouw tweevoudig;-1.9841231541337054;7.756072900138348;0.2750000000000001;6.905275079403168e-07;0.2764440963901947;0.10185185185185187
1S$f5UJPL6lvvbafDPKeK_;0.01;71.03575600000657;lamp;1K7UP3ocH5jAi4C17q_a6d;63_LF_Sylvania Start Pael 600x600 3200LM 840 LILO:S22;14.525249999999906;14.403572900142288;2.375;0.9042890368478615;0.49994533111348594;0.8796296296296295
1S$f5UJPL6lvvbafDPKeK_;0.01;71.03575600000657;lamp;1K7UP3ocH5jAi4C17q_a6X;63_LF_Sylvania Start Pael 600x600 3200LM 840 LILO:S22;10.325249999999905;14.403572900142288;2.375;0.7127531010580038;0.49994533111348594;0.8796296296296295
1S$f5UJPL6lvvbafDPKeK_;0.01;71.03575600000657;lamp;1K7UP3ocH5jAi4C17q_a6Z;63_LF_Sylvania Start Pael 600x600 3200LM 840 LILO:S22;6.125249999999955;14.403572900142288;2.375;0.5212171652681483;0.49994533111348594;0.8796296296296295
1S$f5UJPL6lvvbafDPKeK_;0.01;71.03575600000657;lamp;1K7UP3ocH5jAi4C17q_a6T;63_LF_Sylvania Start Pael 600x600 3200LM 840 LILO:S22;1.9252499999999546;14.403572900142288;2.375;0.3296812294782906;0.49994533111348594;0.8796296296296295
1S$f5UJPL6lvvbafDPKeK_;0.01;71.03575600000657;lamp;1SWMF$5MD9GBRQcRWlYxId;63_LF_Taurac_I1D13501 LED 3W algemeen NV spot:T5;13.325249999999905;14.403572900142288;2.375;0.8495644837650451;0.49994533111348594;0.8796296296296295
1S$f5UJPL6lvvbafDPKeK_;0.01;71.03575600000657;lamp;1SWMF$5MD9GBRQcRWlYxIQ;63_LF_Taurac_I1D13501 LED 3W algemeen NV spot:T5;-2.874750000000055;14.403572900142288;2.375;0.11078301714702414;0.49994533111348594;0.8796296296296295
1S$f5UJPL6lvvbafDPKeK_;0.01;71.03575600000657;lamp;3Ya$$51WnCCBYU2s1sRCH7;63_LF_Taurac_E1D14501 LED 2W vluchtwegarmatuur inbouw pijl boven:T3;-5.097701931350585;14.403572900142288;2.375;0.00940797467390621;0.49994533111348594;0.8796296296296295
1S$f5UJPL6lvvbafDPKeK_;0.01;71.03575600000657;lamp;3GEKy26cjCMefHqTKEBHY7;64_DD_ledige leiding:ledige leiding;1.9092939790988046;16.02357290014229;1.7750000000000001;0.3289535743842943;1.000022503516589;0.6574074074074074
1S$f5UJPL6lvvbafDPKeK_;0.01;71.03575600000657;lamp;3GEKy26cjCMefHqTKEBFK9;64_DD_ledige leiding:ledige leiding;-4.390706020901195;16.02357290014229;1.7750000000000001;0.041649670699507715;1.000022503516589;0.6574074074074074
1S$f5UJPL6lvvbafDPKeK_;0.01;71.03575600000657;lamp;3GEKy26cjCMefHqTKEBFLA;64_DD_ledige leiding:ledige leiding;8.209293979098794;16.02357290014229;1.7750000000000001;0.6162574780690804;1.000022503516589;0.6574074074074074
1S$f5UJPL6lvvbafDPKeK_;0.01;71.03575600000657;lamp;2QqltMPCPDIBnG8AIEbiet;64_DD_ledige leiding:ledige leiding;6.048706020900405;12.783572900142289;1.7750000000000001;0.5177264693953123;-0.0001318412896161663;0.6574074074074074
1S$f5UJPL6lvvbafDPKeK_;0.01;71.03575600000657;lamp;2QqltMPCPDIBnG8AIEbifG;64_DD_ledige leiding:ledige leiding;-0.25129397909959644;12.783572900142289;1.7750000000000001;0.23042256571052555;-0.0001318412896161663;0.6574074074074074
1S$f5UJPL6lvvbafDPKeK_;0.01;71.03575600000657;lamp;2QqltMPCPDIBnG8AIEbif3;64_DD_ledige leiding:ledige leiding;12.348706020900405;12.783572900142289;1.7750000000000001;0.8050303730800987;-0.0001318412896161663;0.6574074074074074
1S$f5UJPL6lvvbafDPKeK_;0.01;71.03575600000657;lamp;2$okbmd6XAJRx0aaossUPP;63_LF_Sylvania Start Pael 600x600 3200LM 840 LILO:S22;-2.2747500000000556;14.403572900142288;2.375;0.13814529368843237;0.49994533111348594;0.8796296296296295
1S$f5UJPL6lvvbafDPKeK_;0.01;71.03575600000657;lamp;2$okbmd6XAJRx0aaossU4e;63_LF_Taurac_I1D13501 LED 3W algemeen NV spot:T5;5.525249999999945;14.403572900142288;2.375;0.4938548887267396;0.49994533111348594;0.8796296296296295
1S$f5UJPL6lvvbafDPKeK_;0.01;71.03575600000657;socket;1s_o9zlbX2GPwxi6FybimB;63_LF_Wieland_contactdoos:contactdoos 4-voudig nood;-4.458501918947226;14.102325502115187;2.47;0.03855792051499336;0.4069533885213967;0.9148148148148149
1S$f5UJPL6lvvbafDPKeK_;0.01;71.03575600000657;socket;3QbHax$TTA59iZCPHwZLcs;62_EF_wcd_inbouw_tweevoudig_kindvriendelijk_hor:wcd inbouw tweevoudig;11.690124511118405;16.11807290014739;1.175;0.7749965574205768;1.0291936719083439;0.4351851851851852
1S$f5UJPL6lvvbafDPKeK_;0.01;71.03575600000657;socket;3QbHax$TTA59iZCPHwZLct;62_EF_wcd_inbouw_enkelvoudig:wcd enkelvoudig;12.734999999999804;16.118072900146487;1.175;0.82264684421743;1.0291936719080652;0.4351851851851852
1S$f5UJPL6lvvbafDPKeK_;0.01;71.03575600000657;socket;3QbHax$TTA59iZCPHwZLcq;62_EF_wcd_perilex_2_fasen:perilex 2 fasen;11.227607792889405;16.118072900148093;0.2750000000000001;0.7539040401718992;1.029193671908561;0.10185185185185187
1S$f5UJPL6lvvbafDPKeK_;0.01;71.03575600000657;socket;3QbHax$TTA59iZCPHwZLcr;62_EF_wcd_inbouw_enkelvoudig:wcd enkelvoudig;10.934999999999805;16.118072900146487;0.2750000000000001;0.7405600145932054;1.0291936719080652;0.10185185185185187
1S$f5UJPL6lvvbafDPKeK_;0.01;71.03575600000657;socket;3QbHax$TTA59iZCPHwZLc$;62_EF_wcd_inbouw_enkelvoudig:wcd enkelvoudig;11.227607792889405;16.11807290014739;2.2750000000000004;0.7539040401718992;1.0291936719083439;0.8425925925925927
1S$f5UJPL6lvvbafDPKeK_;0.01;71.03575600000657;socket;39TNNt2NLD$gJb58MtKdJP;62_EF_wcd_inbouw_tweevoudig_kindvriendelijk_hor:wcd inbouw tweevoudig;8.894875488880464;12.689072900142689;1.175;0.6475225961729508;-0.02930300967967377;0.4351851851851852
1S$f5UJPL6lvvbafDPKeK_;0.01;71.03575600000657;socket;39TNNt2NLD$gJb58MtKdJQ;62_EF_wcd_inbouw_enkelvoudig:wcd enkelvoudig;7.849999999999805;12.689072900142689;1.175;0.5998723093761312;-0.02930300967967377;0.4351851851851852
1S$f5UJPL6lvvbafDPKeK_;0.01;71.03575600000657;socket;39TNNt2NLD$gJb58MtKdJR;62_EF_wcd_perilex_2_fasen:perilex 2 fasen;9.357392207109474;12.69332290013609;0.2750000000000001;0.6686151134216287;-0.027991078828183972;0.10185185185185187
1S$f5UJPL6lvvbafDPKeK_;0.01;71.03575600000657;socket;39TNNt2NLD$gJb58MtKdJa;62_EF_wcd_inbouw_enkelvoudig:wcd enkelvoudig;9.649999999999805;12.689072900142689;0.2750000000000001;0.681959139000356;-0.02930300967967377;0.10185185185185187
1S$f5UJPL6lvvbafDPKeK_;0.01;71.03575600000657;socket;39TNNt2NLD$gJb58MtKdJb;62_EF_wcd_inbouw_enkelvoudig:wcd enkelvoudig;9.357392207109474;12.689072900142689;2.2750000000000004;0.6686151134216287;-0.02930300967967377;0.8425925925925927
1S$f5UJPL6lvvbafDPKeK_;0.01;71.03575600000657;socket;0V3$k0vdX6NRM8NOmzCa17;62_EF_wcd_inbouw_enkelvoudig:wcd enkelvoudig;12.258999999999805;16.018072900142386;0.2750000000000001;0.8009394381612461;0.9983247106473485;0.10185185185185187
1S$f5UJPL6lvvbafDPKeK_;0.01;71.03575600000657;socket;0HufO$z_vC9wyd8K0d2SSp;62_EF_wcd_inbouw_enkelvoudig:wcd enkelvoudig;-0.3810000000001954;16.018072900142492;0.2750000000000001;0.22450747902224577;0.9983247106473815;0.10185185185185187
1S$f5UJPL6lvvbafDPKeK_;0.01;71.03575600000657;socket;2to48Tu2LA1BLD4IiWrGqn;62_EF_Dimplex_kachel_inbouw wcd:PLX2000;-4.134000000000196;12.783572900142289;0.12500000000000008;0.05335643925573717;-0.0001318412896161663;0.04629629629629632
1S$f5UJPL6lvvbafDPKeIn;0.08a;4.353684917387188;lamp;2cItPlyHHCagf8BrNhpjVN;63_LF_Sylvania Start Surface Slim IP54 Square 1900LM 2CCT D opbouw:S21;34.42201821625561;17.379572900142286;2.575;0.3184379373049926;0.5962519622424307;0.9537037037037037
1S$f5UJPL6lvvbafDPKeFV;0.16e;37.83269000000836;lamp;2cItPlyHHCagf8BrNhpj5n;63_LF_Sylvania Start Surface Slim IP54 Square 4000LM 2CCT D opbouw:S20;21.503131665870704;11.443322900139789;2.575;0.2714504428356652;0.801785806371241;0.9537037037037037
1S$f5UJPL6lvvbafDPKeFV;0.16e;37.83269000000836;lamp;2cItPlyHHCagf8BrNhpj5o;63_LF_Sylvania Start Surface Slim IP54 Square 4000LM 2CCT D opbouw:S20;21.503131665870704;8.249322900135159;2.575;0.2714504428356652;0.2935512610607272;0.9537037037037037
1S$f5UJPL6lvvbafDPKeFV;0.16e;37.83269000000836;lamp;2cItPlyHHCagf8BrNhpj5q;63_LF_Sylvania Start Surface Slim IP54 Square 1900LM 2CCT D opbouw:S21;23.962981783743004;11.431822900141988;2.575;0.6800634192264127;0.7999559074138382;0.9537037037037037
1S$f5UJPL6lvvbafDPKeFV;0.16e;37.83269000000836;socket;3IQagtRHT0k8VsqPCD238l;62_EF_wcd_inbouw_tweevoudig_kindvriendelijk_hor:wcd inbouw tweevoudig;26.168999999999805;7.988776025135138;0.2750000000000001;1.0465116279069444;0.25209261279913714;0.10185185185185187
1S$f5UJPL6lvvbafDPKeFV;0.16e;37.83269000000836;socket;3IQagtRHT0k8VsqPCD238j;62_EF_wcd_inbouw_tweevoudig_kindvriendelijk_hor:wcd inbouw tweevoudig;26.168999999999805;10.419978328918587;0.2750000000000001;1.0465116279069444;0.6389495312147487;0.10185185185185187
1S$f5UJPL6lvvbafDPKeFV;0.16e;37.83269000000836;socket;3GvW2Im$P22xEgM773_lIS;62_EF_wcd_inbouw_enkelvoudig:wcd enkelvoudig;26.168999999999805;7.688588525135608;0.2750000000000001;1.0465116279069444;0.20432628294004512;0.10185185185185187
1S$f5UJPL6lvvbafDPKeFV;0.16e;37.83269000000836;socket;089wotvg9ANBLezzAJ45XY;62_EF_wcd_opbouw_enkelvoudig:wcd opbouw enkelvoudig;25.200085113043205;12.689072900142689;1.8750000000000002;0.8855623111367451;1.0000115999908805;0.6944444444444445
1S$f5UJPL6lvvbafDPKeFV;0.16e;37.83269000000836;socket;089wotvg9ANBLezzAJ45Xl;62_EF_wcd_inbouw_enkelvoudig:wcd enkelvoudig;25.888999999999804;12.022822900141588;1.475;0.9999999999999676;0.8939968016774182;0.5462962962962963
1S$f5UJPL6lvvbafDPKeFV;0.16e;37.83269000000836;socket;089wotvg9ANBLezzAJ45Xi;62_EF_wcd_inbouw_tweevoudig_kindvriendelijk_hor:wcd inbouw tweevoudig;21.494875488880506;12.689072900142689;1.175;0.27007898486387155;1.0000115999908805;0.4351851851851852
1S$f5UJPL6lvvbafDPKeFV;0.16e;37.83269000000836;socket;089wotvg9ANBLezzAJ45YJ;62_EF_wcd_inbouw_enkelvoudig:wcd enkelvoudig;20.449999999999804;12.689072900142689;1.175;0.09651162790694422;1.0000115999908805;0.4351851851851852
1S$f5UJPL6lvvbafDPKeFV;0.16e;37.83269000000836;socket;089wotvg9ANBLezzAJ45YI;62_EF_wcd_perilex_2_fasen:perilex 2 fasen;21.957392207109507;12.693322900135989;0.2750000000000001;0.3469090045032404;1.0006878669959405;0.10185185185185187
1S$f5UJPL6lvvbafDPKeFV;0.16e;37.83269000000836;socket;089wotvg9ANBLezzAJ45YH;62_EF_wcd_inbouw_enkelvoudig:wcd enkelvoudig;22.249999999999805;12.689072900142689;0.2750000000000001;0.39551495016608057;1.0000115999908805;0.10185185185185187
1S$f5UJPL6lvvbafDPKeFV;0.16e;37.83269000000836;socket;089wotvg9ANBLezzAJ45YG;62_EF_wcd_inbouw_enkelvoudig:wcd enkelvoudig;21.957392207109507;12.689072900142689;2.2750000000000004;0.3469090045032404;1.0000115999908805;0.8425925925925927
1S$f5UJPL6lvvbafDPKeFV;0.16e;37.83269000000836;socket;089wotvg9ANBLezzAJ45YV;62_EF_wcd_inbouw_tweevoudig_kindvriendelijk_hor:wcd inbouw tweevoudig;23.145876845866304;7.282822900138369;0.2750000000000001;0.544331701971147;0.13976018778575286;0.10185185185185187
1S$f5UJPL6lvvbafDPKeFV;0.16e;37.83269000000836;socket;089wotvg9ANBLezzAJ45Y0;62_EF_wcd_inbouw_tweevoudig_kindvriendelijk_hor:wcd inbouw tweevoudig;19.868999999999804;7.9887760251351585;0.2750000000000001;-3.2458347563791956e-14;0.25209261279914036;0.10185185185185187
1S$f5UJPL6lvvbafDPKeFV;0.16e;37.83269000000836;socket;089wotvg9ANBLezzAJ45Y6;62_EF_wcd_inbouw_tweevoudig_kindvriendelijk_hor:wcd inbouw tweevoudig;19.868999999999804;10.419978328918587;0.2750000000000001;-3.2458347563791956e-14;0.6389495312147487;0.10185185185185187
1S$f5UJPL6lvvbafDPKeFV;0.16e;37.83269000000836;socket;089wotvg9ANBLezzAJ45Yz;62_EF_wcd_inbouw_enkelvoudig:wcd enkelvoudig;23.215874999999805;7.446020487513108;0.2750000000000001;0.5559593023255491;0.1657284569200839;0.10185185185185187
1S$f5UJPL6lvvbafDPKeFV;0.16e;37.83269000000836;socket;089wotvg9ANBLezzAJ45Yy;62_EF_wcd_inbouw_enkelvoudig:wcd enkelvoudig;19.868999999999804;7.6885885251356285;0.2750000000000001;-3.2458347563791956e-14;0.20432628294004837;0.10185185185185187
1S$f5UJPL6lvvbafDPKeFS;0.16d;10.153865312500798;lamp;2cItPlyHHCagf8BrNhpj5p;63_LF_Sylvania Start Surface Slim IP54 Square 4000LM 2CCT D opbouw:S20;24.574506665871205;7.896522900141678;2.575;0.5082559423413439;0.31341921814968626;0.9537037037037037
1S$f5UJPL6lvvbafDPKeFS;0.16d;10.153865312500798;socket;089wotvg9ANBLezzAJ45XW;62_EF_wcd_inbouw_enkelvoudig:wcd enkelvoudig;25.888999999999804;6.963829521679789;0.2750000000000001;0.999999999999927;0.06787666754765512;0.10185185185185187
1S$f5UJPL6lvvbafDPKeFS;0.16d;10.153865312500798;socket;089wotvg9ANBLezzAJ45Xd;62_EF_wcd_inbouw_enkelvoudig:wcd enkelvoudig;25.888999999999804;8.788829521679789;0.2750000000000001;0.999999999999927;0.5483294778674803;0.10185185185185187
1S$f5UJPL6lvvbafDPKeFS;0.16d;10.153865312500798;socket;089wotvg9ANBLezzAJ45YP;62_EF_wcd_inbouw_tweevoudig_kindvriendelijk_hor:wcd inbouw tweevoudig;23.215876845866305;7.756072900138259;0.2750000000000001;6.905274928223995e-07;0.2764440963902002;0.10185185185185187
1S$f5UJPL6lvvbafDPKeFS;0.16d;10.153865312500798;socket;3WrQo_up9EGR4yz2uv2o_I;62_EF_wcd_inbouw_enkelvoudig:wcd enkelvoudig;25.888999999999804;6.963829521679789;0.2750000000000001;0.999999999999927;0.06787666754765512;0.10185185185185187
3XK$7uQtbBEfNI6nwUTI0Z;0.05;11.05093499999999;lamp;0w8TIgxgX1uwZvXvJDX87t;63_LF_Sylvania Start Pael 600x600 3200LM 840 LILO:S22;18.153999999999805;17.143322900142387;2.375;0.49999999999993194;0.26615320091998074;0.8796296296296295
3XK$7uQtbBEfNI6nwUTI0Z;0.05;11.05093499999999;lamp;1T2gIgZtfDF8X73MDN5OnA;63_LF_Sylvania Start Pael 600x600 3200LM 840 LILO:S22;18.153999999999805;18.943322900142384;2.375;0.49999999999993194;0.7336249578346664;0.8796296296296295
3XK$7uQtbBEfNI6nwUTI0Z;0.05;11.05093499999999;socket;2sxkM_xPnDCAP6DA$M7m7A;63_LF_Wieland_contactdoos:contactdoos 4-voudig nood;17.402898739888506;19.594545042048985;2.47;0.23829224386359088;0.9027516016229019;0.9148148148148149
3XK$7uQtbBEfNI6nwUTI0Z;0.05;11.05093499999999;socket;0_OTyT_kH82vFIPrqRumf$;63_LF_Wieland_contactdoos:contactdoos 4-voudig;17.402898739888403;16.83012302270069;2.47;0.238292243863555;0.18481314704601706;0.9148148148148149
3XK$7uQtbBEfNI6nwUTI0Z;0.05;11.05093499999999;socket;1G018qoYL7avBXSNBddZhn;62_EF_wcd_inbouw_enkelvoudig2:wcd enkelvoudig;19.588999999999803;18.64395869956669;1.0250000000000001;0.9999999999999319;0.655878119612177;0.37962962962962965
3XK$7uQtbBEfNI6nwUTI0Z;0.05;11.05093499999999;socket;1G018qoYL7avBXSNBddZh_;62_EF_wcd_inbouw_enkelvoudig2:wcd enkelvoudig;19.588999999999803;18.843958699566684;1.0250000000000001;0.9999999999999319;0.70781942593603;0.37962962962962965
3XK$7uQtbBEfNI6nwUTI0Z;0.05;11.05093499999999;socket;1G018qoYL7avBXSNBddZgL;62_EF_wcd_inbouw_enkelvoudig2:wcd enkelvoudig;19.588999999999803;17.943958699566686;1.0250000000000001;0.9999999999999319;0.4740835474786871;0.37962962962962965
3XK$7uQtbBEfNI6nwUTI0Z;0.05;11.05093499999999;socket;1G018qoYL7avBXSNBddZgI;62_EF_wcd_inbouw_enkelvoudig2:wcd enkelvoudig;19.588999999999803;18.14395869956669;1.0250000000000001;0.9999999999999319;0.5260248538025419;0.37962962962962965
3XK$7uQtbBEfNI6nwUTI0Z;0.05;11.05093499999999;socket;1G018qoYL7avBXSNBddZg4;62_EF_wcd_inbouw_enkelvoudig2:wcd enkelvoudig;19.588999999999803;17.24395869956669;1.0250000000000001;0.9999999999999319;0.29228897534519904;0.37962962962962965
3XK$7uQtbBEfNI6nwUTI0Z;0.05;11.05093499999999;socket;1G018qoYL7avBXSNBddZg5;62_EF_wcd_inbouw_enkelvoudig2:wcd enkelvoudig;19.588999999999803;17.443958699566586;1.0250000000000001;0.9999999999999319;0.3442302816690262;0.37962962962962965
3XK$7uQtbBEfNI6nwUTI0Z;0.05;11.05093499999999;socket;0w8TIgxgX1uwZvXvJDXAgS;62_EF_wcd-combinatie-inbouw:wcd combinatie;17.494999999999806;16.118072900142387;1.0250000000000001;0.2703832752612561;-0.0001109206226759929;0.37962962962962965
3XK$7uQtbBEfNI6nwUTI0Z;0.05;11.05093499999999;socket;0w8TIgxgX1uwZvXvJDXAh7;62_EF_wcd-combinatie-inbouw:wcd combinatie;18.818999999999804;20.03857290014229;1.0250000000000001;0.7317073170731025;1.018068536590648;0.37962962962962965
3XK$7uQtbBEfNI6nwUTI0Z;0.05;11.05093499999999;socket;2ONvbu_InAtw8U9TtUE__l;62_EF_wcd_inbouw_enkelvoudig2:wcd enkelvoudig;16.443400000000405;19.82857290014229;2.075;-0.09602787456431916;0.9635301649506011;0.7685185185185185
3XK$7uQtbBEfNI6nwUTI0Z;0.05;11.05093499999999;socket;2ONvbu_InAtw8U9TtUE__k;62_EF_wcd_inbouw_enkelvoudig2:wcd enkelvoudig;16.434400000000103;19.818572900142286;0.6250000000000001;-0.09916376306616666;0.9609330996344071;0.2314814814814815
3XK$7uQtbBEfNI6nwUTI0Z;0.05;11.05093499999999;socket;2ONvbu_InAtw8U9TtUE__j;62_EF_wcd_inbouw_tweevoudig_kindvriendelijk:wcd inbouw tweevoudig;16.439999999999806;19.208572900142286;1.225;-0.0972125435540751;0.8025121153466525;0.4537037037037037
3XK$7uQtbBEfNI6nwUTVfM;0.02e;19.64294706250649;lamp;2cItPlyHHCagf8BrNhpjS$;63_LF_Sylvania Start Surface Slim IP54 Square 4000LM 2CCT D opbouw:S20;-0.9451316658710864;20.56207290014899;2.575;0.5012375251926914;0.7413986652455056;0.9537037037037037
3XK$7uQtbBEfNI6nwUTVfM;0.02e;19.64294706250649;lamp;2cItPlyHHCagf8BrNhpjSm;63_LF_Sylvania Start Surface Slim IP54 Square 4000LM 2CCT D opbouw:S20;-0.9451316658710903;17.36807290014439;2.575;0.5012375251926902;0.20848801203707887;0.9537037037037037
3XK$7uQtbBEfNI6nwUTVfM;0.02e;19.64294706250649;socket;0HufO$z_vC9wyd8K0d2S3t;62_EF_wcd_inbouw_tweevoudig_kindvriendelijk_hor:wcd inbouw tweevoudig;-2.5878750000002455;21.528572900142287;0.2750000000000001;-5.040655587601762e-14;0.9026566947763853;0.10185185185185187
3XK$7uQtbBEfNI6nwUTVfM;0.02e;19.64294706250649;socket;0HufO$z_vC9wyd8K0d2S34;62_EF_wcd_inbouw_tweevoudig_kindvriendelijk_hor:wcd inbouw tweevoudig;0.6889999999998047;20.81861977514899;0.2750000000000001;0.9998474388798029;0.7842028489445139;0.10185185185185187
3XK$7uQtbBEfNI6nwUTVfM;0.02e;19.64294706250649;socket;0HufO$z_vC9wyd8K0d2S33;62_EF_wcd_inbouw_tweevoudig_kindvriendelijk_hor:wcd inbouw tweevoudig;0.6889999999998047;18.391417471365592;0.2750000000000001;0.9998474388798029;0.3792304115067102;0.10185185185185187
3XK$7uQtbBEfNI6nwUTVfM;0.02e;19.64294706250649;socket;0HufO$z_vC9wyd8K0d2S39;62_EF_wcd_inbouw_tweevoudig_kindvriendelijk_hor:wcd inbouw tweevoudig;-0.9098754888815893;16.11807290014749;1.175;0.5119949688753594;-7.126050766850419e-05;0.4351851851851852
3XK$7uQtbBEfNI6nwUTVfM;0.02e;19.64294706250649;socket;0HufO$z_vC9wyd8K0d2S3A;62_EF_wcd_inbouw_enkelvoudig:wcd enkelvoudig;0.1349999999998046;16.118072900146586;1.175;0.830809718142994;-7.126050781906552e-05;0.4351851851851852
3XK$7uQtbBEfNI6nwUTVfM;0.02e;19.64294706250649;socket;0HufO$z_vC9wyd8K0d2S3B;62_EF_wcd_perilex_2_fasen:perilex 2 fasen;-1.3723922071105954;16.118072900148093;0.2750000000000001;0.3708708319582114;-7.126050756773481e-05;0.10185185185185187
3XK$7uQtbBEfNI6nwUTVfM;0.02e;19.64294706250649;socket;0HufO$z_vC9wyd8K0d2S3K;62_EF_wcd_inbouw_enkelvoudig:wcd enkelvoudig;-1.6650000000001954;16.118072900146586;0.2750000000000001;0.28158968686816416;-7.126050781906552e-05;0.10185185185185187
3XK$7uQtbBEfNI6nwUTVfM;0.02e;19.64294706250649;socket;0HufO$z_vC9wyd8K0d2S3I;62_EF_wcd_inbouw_enkelvoudig:wcd enkelvoudig;-1.3723922071105954;16.11807290014749;2.2750000000000004;0.3708708319582114;-7.126050766850419e-05;0.8425925925925927
3XK$7uQtbBEfNI6nwUTVfM;0.02e;19.64294706250649;socket;0HufO$z_vC9wyd8K0d2SSu;62_EF_wcd_inbouw_enkelvoudig:wcd enkelvoudig;0.6889999999998047;21.118557275148987;0.2750000000000001;0.9998474388798029;0.8342466463917498;0.10185185185185187
3XK$7uQtbBEfNI6nwUTVfN;0.02d;10.17285781250088;lamp;2cItPlyHHCagf8BrNhpjSn;63_LF_Sylvania Start Surface Slim IP54 Square 4000LM 2CCT D opbouw:S20;-4.016506665871655;20.91487290014249;2.575;0.4926929602346304;0.6874747663926853;0.9537037037037037
3XK$7uQtbBEfNI6nwUTVfN;0.02d;10.17285781250088;socket;0HufO$z_vC9wyd8K0d2S0U;62_EF_wcd_inbouw_enkelvoudig:wcd enkelvoudig;-5.331000000000196;21.84756627860429;0.2750000000000001;0.0018669778295653066;0.9330173169946865;0.10185185185185187
3XK$7uQtbBEfNI6nwUTVfN;0.02d;10.17285781250088;socket;0HufO$z_vC9wyd8K0d2S0V;62_EF_wcd_inbouw_enkelvoudig:wcd enkelvoudig;-5.3375999999991555;20.022566278604288;0.2750000000000001;-0.0005974329051688012;0.4525645066748731;0.10185185185185187
3XK$7uQtbBEfNI6nwUTVfN;0.02d;10.17285781250088;socket;0HufO$z_vC9wyd8K0d2S3r;62_EF_wcd_inbouw_tweevoudig_kindvriendelijk_hor:wcd inbouw tweevoudig;-2.6578750000002453;21.05532290014589;0.2750000000000001;0.9999999999999271;0.7244498881521649;0.10185185185185187
3XK$7uQtbBEfNI6nwUTVfN;0.02d;10.17285781250088;socket;0HufO$z_vC9wyd8K0d2SS$;62_EF_wcd_inbouw_enkelvoudig:wcd enkelvoudig;-2.6578750000002356;21.361125312771584;0.2750000000000001;0.9999999999999307;0.804955985987011;0.10185185185185187
3XK$7uQtbBEfNI6nwUTVfh;0.02a;9.68052025000067;lamp;2cItPlyHHCagf8BrNhpjSp;63_LF_Sylvania Start Surface Slim IP54 Square 1900LM 2CCT D opbouw:S21;-3.3779817837440853;17.379572900142286;2.575;0.5825701327747441;0.4378345283020566;0.9537037037037037
3XK$7uQtbBEfNI6nwUTVfh;0.02a;9.68052025000067;socket;0HufO$z_vC9wyd8K0d2S0I;62_EF_wcd_opbouw_enkelvoudig:wcd opbouw enkelvoudig;-4.615085113044265;16.118072900142487;1.8750000000000002;0.2144941645211946;-0.0001482856896843528;0.6944444444444445
3XK$7uQtbBEfNI6nwUTVfh;0.02a;9.68052025000067;socket;0HufO$z_vC9wyd8K0d2S3g;62_EF_wcd_inbouw_enkelvoudig:wcd enkelvoudig;-5.331000000000196;16.78857290014229;1.475;0.00148765248432148;0.23264400664596666;0.5462962962962963
3XK$7uQtbBEfNI6nwUTOYI;0.17d;10.15386531250091;lamp;2cItPlyHHCagf8BrNhpj6Z;63_LF_Sylvania Start Surface Slim IP54 Square 4000LM 2CCT D opbouw:S20;30.874506665871206;7.896522900141659;2.575;0.5082559423413622;0.31341921814968954;0.9537037037037037
3XK$7uQtbBEfNI6nwUTOYI;0.17d;10.15386531250091;socket;3IQagtRHT0k8VsqPCD23BH;62_EF_wcd_inbouw_enkelvoudig:wcd enkelvoudig;32.18899999999981;6.963829521679768;0.2750000000000001;0.9999999999999283;0.06787666754765152;0.10185185185185187
3XK$7uQtbBEfNI6nwUTOYI;0.17d;10.15386531250091;socket;3IQagtRHT0k8VsqPCD23BU;62_EF_wcd_inbouw_enkelvoudig:wcd enkelvoudig;32.18899999999981;8.78882952167977;0.2750000000000001;0.9999999999999283;0.5483294778674895;0.10185185185185187
3XK$7uQtbBEfNI6nwUTOYI;0.17d;10.15386531250091;socket;3IQagtRHT0k8VsqPCD238D;62_EF_wcd_inbouw_tweevoudig_kindvriendelijk_hor:wcd inbouw tweevoudig;29.515876845866305;7.756072900138238;0.2750000000000001;6.905275300357414e-07;0.276444096390202;0.10185185185185187
3XK$7uQtbBEfNI6nwUTOYI;0.17d;10.15386531250091;socket;3IQagtRHT0k8VsqPCD2388;62_EF_wcd_inbouw_tweevoudig_kindvriendelijk_hor:wcd inbouw tweevoudig;29.445876845866305;7.282822900138348;0.2750000000000001;-0.026185888850537846;0.15185544297441553;0.10185185185185187
3XK$7uQtbBEfNI6nwUTOYI;0.17d;10.15386531250091;socket;3GvW2Im$P22xEgM773_lIT;62_EF_wcd_inbouw_enkelvoudig:wcd enkelvoudig;29.515874999999706;7.446020487513088;0.2750000000000001;-7.309768616657296e-14;0.19481913584653124;0.10185185185185187
3XK$7uQtbBEfNI6nwUTOYy;0.17a;28.25987083919976;lamp;2cItPlyHHCagf8BrNhpj6H;63_LF_Sylvania Start Surface Slim IP54 Square 4000LM 2CCT D opbouw:S20;34.10313166587041;11.44332290013969;2.575;0.34654620784666906;0.7921446521174186;0.9537037037037037
3XK$7uQtbBEfNI6nwUTOYy;0.17a;28.25987083919976;lamp;2cItPlyHHCagf8BrNhpj6I;63_LF_Sylvania Start Surface Slim IP54 Square 4000LM 2CCT D opbouw:S20;34.10313166587041;8.249322900135109;2.575;0.34654620784666906;0.2591895378166376;0.9537037037037037
3XK$7uQtbBEfNI6nwUTOYy;0.17a;28.25987083919976;lamp;2cItPlyHHCagf8BrNhpj6K;63_LF_Sylvania Start Surface Slim IP54 Square 1900LM 2CCT D opbouw:S21;36.5629817837427;11.431822900141889;2.575;0.8682004588618553;0.7902257467281643;0.9537037037037037
3XK$7uQtbBEfNI6nwUTOYy;0.17a;28.25987083919976;socket;3IQagtRHT0k8VsqPCD239k;62_EF_wcd_inbouw_tweevoudig_kindvriendelijk_hor:wcd inbouw tweevoudig;34.094875488880504;12.689072900142689;1.175;0.3447953410793711;1.000012164215366;0.4351851851851852
3XK$7uQtbBEfNI6nwUTOYy;0.17a;28.25987083919976;socket;3IQagtRHT0k8VsqPCD239l;62_EF_wcd_inbouw_enkelvoudig:wcd enkelvoudig;33.0499999999998;12.689072900142689;1.175;0.12321121422709878;1.000012164215366;0.4351851851851852
3XK$7uQtbBEfNI6nwUTOYy;0.17a;28.25987083919976;socket;3IQagtRHT0k8VsqPCD239i;62_EF_wcd_perilex_2_fasen:perilex 2 fasen;34.5573922071095;12.693322900135989;0.2750000000000001;0.44288010261697447;1.0007213249017168;0.10185185185185187
3XK$7uQtbBEfNI6nwUTOYy;0.17a;28.25987083919976;socket;3IQagtRHT0k8VsqPCD239j;62_EF_wcd_inbouw_enkelvoudig:wcd enkelvoudig;34.84999999999981;12.689072900142689;0.2750000000000001;0.5049327040874373;1.000012164215366;0.10185185185185187
3XK$7uQtbBEfNI6nwUTOYy;0.17a;28.25987083919976;socket;3IQagtRHT0k8VsqPCD239g;62_EF_wcd_inbouw_enkelvoudig:wcd enkelvoudig;34.5573922071095;12.689072900142689;2.2750000000000004;0.44288010261697447;1.000012164215366;0.8425925925925927
3XK$7uQtbBEfNI6nwUTOYy;0.17a;28.25987083919976;socket;3IQagtRHT0k8VsqPCD239u;62_EF_wcd_inbouw_tweevoudig_kindvriendelijk_hor:wcd inbouw tweevoudig;35.745876845866306;7.282822900138329;0.2750000000000001;0.6949190620516249;0.09791805441987801;0.10185185185185187
3XK$7uQtbBEfNI6nwUTOYy;0.17a;28.25987083919976;socket;3IQagtRHT0k8VsqPCD23sV;62_EF_wcd_inbouw_tweevoudig_kindvriendelijk_hor:wcd inbouw tweevoudig;32.46899999999981;7.988776025135119;0.2750000000000001;-4.068441475556769e-14;0.2157143375830335;0.10185185185185187
3XK$7uQtbBEfNI6nwUTOYy;0.17a;28.25987083919976;socket;3IQagtRHT0k8VsqPCD23sT;62_EF_wcd_inbouw_tweevoudig_kindvriendelijk_hor:wcd inbouw tweevoudig;32.46899999999981;10.419978328918488;0.2750000000000001;-4.068441475556769e-14;0.621388007495159;0.10185185185185187
3XK$7uQtbBEfNI6nwUTOYy;0.17a;28.25987083919976;socket;3GvW2Im$P22xEgM773_lIJ;62_EF_wcd_inbouw_enkelvoudig:wcd enkelvoudig;35.81587499999971;7.446020487513068;0.2750000000000001;0.7097633952090001;0.12514942224479697;0.10185185185185187
3XK$7uQtbBEfNI6nwUTOYy;0.17a;28.25987083919976;socket;3GvW2Im$P22xEgM773_lII;62_EF_wcd_inbouw_enkelvoudig:wcd enkelvoudig;32.46899999999981;7.6885885251355885;0.2750000000000001;-4.068441475556769e-14;0.16562464961381423;0.10185185185185187
3XK$7uQtbBEfNI6nwUTOYn;0.17b;3.6789386047995696;socket;3IQagtRHT0k8VsqPCD23BJ;62_EF_wcd_opbouw_enkelvoudig:wcd opbouw enkelvoudig;31.500085113043106;12.689072900142689;1.8750000000000002;0.4607404855503708;1.0000253147470053;0.6944444444444445
3XK$7uQtbBEfNI6nwUTOYn;0.17b;3.6789386047995696;socket;3IQagtRHT0k8VsqPCD23Bl;62_EF_wcd_inbouw_enkelvoudig:wcd enkelvoudig;32.18899999999981;12.022822900141488;1.475;0.9999999999998498;0.768668426127796;0.5462962962962963
3XK$7uQtbBEfNI6nwUTOEP;0.09d;10.153865312501859;lamp;2cItPlyHHCagf8BrNhpjVL;63_LF_Sylvania Start Surface Slim IP54 Square 4000LM 2CCT D opbouw:S20;33.78349333412801;20.91487290014239;2.575;0.4917440576583624;0.6874747663926837;0.9537037037037037
3XK$7uQtbBEfNI6nwUTOEP;0.09d;10.153865312501859;socket;3QbHax$TTA59iZCPHwZMR4;62_EF_wcd_inbouw_tweevoudig_kindvriendelijk_hor:wcd inbouw tweevoudig;32.18899999999981;20.81861977514889;0.2750000000000001;-0.1047463175123472;0.662134994115868;0.10185185185185187
3XK$7uQtbBEfNI6nwUTOEP;0.09d;10.153865312501859;socket;3QbHax$TTA59iZCPHwZMPX;62_EF_wcd_inbouw_tweevoudig_kindvriendelijk_hor:wcd inbouw tweevoudig;35.14212499999981;21.092388323031386;0.2750000000000001;0.9999999999999283;0.7342077986130239;0.10185185185185187
3XK$7uQtbBEfNI6nwUTOEP;0.09d;10.153865312501859;socket;3QbHax$TTA59iZCPHwZMPa;62_EF_wcd_inbouw_tweevoudig_kindvriendelijk_hor:wcd inbouw tweevoudig;35.2121249999998;21.528572900142287;0.2750000000000001;1.0261865793779945;0.8490385415670374;0.10185185185185187
3XK$7uQtbBEfNI6nwUTOEP;0.09d;10.153865312501859;socket;3QbHax$TTA59iZCPHwZMMe;62_EF_wcd_inbouw_enkelvoudig:wcd enkelvoudig;32.46899999999981;21.84756627860459;0.2750000000000001;-7.17686373271834e-14;0.9330173169947703;0.10185185185185187
3XK$7uQtbBEfNI6nwUTOEP;0.09d;10.153865312501859;socket;3QbHax$TTA59iZCPHwZMMf;62_EF_wcd_inbouw_enkelvoudig:wcd enkelvoudig;32.46899999999981;20.022566278604188;0.2750000000000001;-7.17686373271834e-14;0.4525645066748899;0.10185185185185187
3XK$7uQtbBEfNI6nwUTOEP;0.09d;10.153865312501859;socket;3GvW2Im$P22xEgM773_lNC;62_EF_wcd_inbouw_enkelvoudig:wcd enkelvoudig;32.18899999999981;21.118557275148888;0.2750000000000001;-0.1047463175123472;0.7410970844146552;0.10185185185185187
3XK$7uQtbBEfNI6nwUTOEP;0.09d;10.153865312501859;socket;3GvW2Im$P22xEgM773_lN0;62_EF_wcd_inbouw_enkelvoudig:wcd enkelvoudig;35.14212499999971;21.36112531277149;0.2750000000000001;0.999999999999891;0.804955985987002;0.10185185185185187
2Le24RSsr5uu5zp3vSBI7x;0.14;5.920810000001352;lamp;1T2gIgZtfDF8X73MDN5Oo8;63_LF_Taurac_B1D14601 LED 4W noodverlichting:T1;16.083999999999804;8.323092165747438;2.44;0.876306620209022;0.7838546610507222;0.9037037037037037
2Le24RSsr5uu5zp3vSBI7x;0.14;5.920810000001352;lamp;1T2gIgZtfDF8X73MDN5Opg;63_LF_Sylvania Start Surface Slim IP54 Square 4000LM 2CCT D opbouw:S20;15.003999999999804;7.732072900141878;2.575;0.4999999999999666;0.4973693165982593;0.9537037037037037
2Le24RSsr5uu5zp3vSBI7x;0.14;5.920810000001352;socket;1_uIwJjeH7efmyhhu3zcW9;62_EF_wcd_inbouw_enkelvoudig:wcd enkelvoudig;13.565599999999705;6.9594337213956186;1.475;-0.0011846689896098728;0.1228471746951614;0.5462962962962963
2Le24RSsr5uu5zp3vSBI7x;0.14;5.920810000001352;socket;1_uIwJjeH7efmyhhu3zcyB;62_EF_wcd-combinatie-inbouw:wcd combinatie;14.338999999999805;8.768572900142289;1.0250000000000001;0.26829268292679853;0.999792971469895;0.37962962962962965
2Le24RSsr5uu5zp3vSBI7x;0.14;5.920810000001352;socket;1T2gIgZtfDF8X73MDN5Omk;62_EF_wcd_inbouw_enkelvoudig:wcd enkelvoudig;16.448999999999806;7.408572900142288;1.475;1.0034843205574535;0.3405588464094472;0.5462962962962963
2Le24RSsr5uu5zp3vSBI7O;0.13;11.049499999999997;lamp;3wKJTQO6r5pBJ8fQZOMbsx;63_LF_Sylvania Start Pael 600x600 3200LM 840 LILO:S22;15.003999999999804;11.66382290014229;2.375;0.4999999999999316;0.733720233803192;0.8796296296296295
2Le24RSsr5uu5zp3vSBI7O;0.13;11.049499999999997;lamp;3wKJTQO6r5pBJ8fQZOMbts;63_LF_Sylvania Start Pael 600x600 3200LM 840 LILO:S22;15.003999999999804;9.863822900142297;2.375;0.4999999999999316;0.26618776627072654;0.8796296296296295
2Le24RSsr5uu5zp3vSBI7O;0.13;11.049499999999997;lamp;23apFkEL94VuPuqUGL0iwW;63_LF_Interlight_IL-CLSR360E:I1;16.083999999999804;9.803572900142289;2.44;0.876306620208991;0.2505384156213736;0.9037037037037037
2Le24RSsr5uu5zp3vSBI7O;0.13;11.049499999999997;socket;1Pi3MfKBH03PWEiPn3PhPP;63_LF_Wieland_contactdoos:contactdoos 4-voudig;15.756710814131806;9.376234071959818;2.575;0.7622685763525454;0.13954131739216039;0.9537037037037037
2Le24RSsr5uu5zp3vSBI7O;0.13;11.049499999999997;socket;1bLo3Ina138wN3ghum0cNy;63_LF_Wieland_contactdoos:contactdoos 4-voudig;15.755312673472904;12.035234031488088;2.575;0.7617814193285379;0.8301906575293734;0.9537037037037037
2Le24RSsr5uu5zp3vSBI7O;0.13;11.049499999999997;socket;0tEKsIdQr1R8AhS2rK$Vzo;62_EF_wcd_inbouw_enkelvoudig2:wcd enkelvoudig;13.568999999999805;11.363958699566489;1.0250000000000001;-6.808336318258802e-14;0.6558334284588282;0.37962962962962965
2Le24RSsr5uu5zp3vSBI7O;0.13;11.049499999999997;socket;0tEKsIdQr1R8AhS2rK$Vzr;62_EF_wcd_inbouw_enkelvoudig2:wcd enkelvoudig;13.568999999999805;11.56395869956649;1.0250000000000001;-6.808336318258802e-14;0.7077814804068804;0.37962962962962965
2Le24RSsr5uu5zp3vSBI7O;0.13;11.049499999999997;socket;0tEKsIdQr1R8AhS2rK$V$6;62_EF_wcd_inbouw_enkelvoudig2:wcd enkelvoudig;13.568999999999805;10.66395869956649;1.0250000000000001;-6.808336318258802e-14;0.4740152466406465;0.37962962962962965
2Le24RSsr5uu5zp3vSBI7O;0.13;11.049499999999997;socket;0tEKsIdQr1R8AhS2rK$V$P;62_EF_wcd_inbouw_enkelvoudig2:wcd enkelvoudig;13.568999999999805;10.863958699566489;1.0250000000000001;-6.808336318258802e-14;0.5259632985886983;0.37962962962962965
2Le24RSsr5uu5zp3vSBI7O;0.13;11.049499999999997;socket;0tEKsIdQr1R8AhS2rK$V$L;62_EF_wcd_inbouw_enkelvoudig2:wcd enkelvoudig;13.568999999999805;9.963958699566469;1.0250000000000001;-6.808336318258802e-14;0.29219706482245933;0.37962962962962965
2Le24RSsr5uu5zp3vSBI7O;0.13;11.049499999999997;socket;0tEKsIdQr1R8AhS2rK$V$K;62_EF_wcd_inbouw_enkelvoudig2:wcd enkelvoudig;13.568999999999805;10.16395869956649;1.0250000000000001;-6.808336318258802e-14;0.3441451167705166;0.37962962962962965
2Le24RSsr5uu5zp3vSBI7O;0.13;11.049499999999997;socket;1_uIwJjeH7efmyhhu3zcyH;62_EF_wcd-combinatie-inbouw:wcd combinatie;15.662999999999805;12.689072900142689;1.0250000000000001;0.7296167247386078;1.000018935101997;0.37962962962962965
1t1oDnFlHE3uR2mEwZk2Km;0.10g;19.639950312500094;lamp;2cItPlyHHCagf8BrNhpkfI;63_LF_Sylvania Start Surface Slim IP54 Square 4000LM 2CCT D opbouw:S20;5.354868334128905;20.56207290014899;2.575;0.5013140062190165;0.7413986652455098;0.9537037037037037
1t1oDnFlHE3uR2mEwZk2Km;0.10g;19.639950312500094;lamp;2cItPlyHHCagf8BrNhpkfJ;63_LF_Sylvania Start Surface Slim IP54 Square 4000LM 2CCT D opbouw:S20;5.354868334128905;17.36807290014439;2.575;0.5013140062190165;0.208488012037092;0.9537037037037037
1t1oDnFlHE3uR2mEwZk2Km;0.10g;19.639950312500094;socket;0PJmAroWbFMeAhv9OXidKJ;62_EF_wcd_inbouw_tweevoudig_kindvriendelijk_hor:wcd inbouw tweevoudig;3.7121249999997548;21.528572900142287;0.2750000000000001;-5.353125703323166e-14;0.9026566947763869;0.10185185185185187
1t1oDnFlHE3uR2mEwZk2Km;0.10g;19.639950312500094;socket;0PJmAroWbFMeAhv9OXisxb;62_EF_wcd_inbouw_tweevoudig_kindvriendelijk_hor:wcd inbouw tweevoudig;6.9889999999998045;20.81861977514899;0.2750000000000001;0.9999999999999404;0.7842028489445174;0.10185185185185187
1t1oDnFlHE3uR2mEwZk2Km;0.10g;19.639950312500094;socket;0PJmAroWbFMeAhv9OXisxy;62_EF_wcd_inbouw_tweevoudig_kindvriendelijk_hor:wcd inbouw tweevoudig;6.9889999999998045;18.391417471365592;0.2750000000000001;0.9999999999999404;0.37923041150672054;0.10185185185185187
1t1oDnFlHE3uR2mEwZk2Km;0.10g;19.639950312500094;socket;0PJmAroWbFMeAhv9OXim9n;62_EF_wcd_inbouw_tweevoudig_kindvriendelijk_hor:wcd inbouw tweevoudig;5.390124511118414;16.11807290014749;1.175;0.5120730913197631;-7.12605076519057e-05;0.4351851851851852
1t1oDnFlHE3uR2mEwZk2Km;0.10g;19.639950312500094;socket;0PJmAroWbFMeAhv9OXim9E;62_EF_wcd_inbouw_enkelvoudig:wcd enkelvoudig;6.434999999999805;16.118072900146487;1.175;0.8309364867441745;-7.126050781906434e-05;0.4351851851851852
1t1oDnFlHE3uR2mEwZk2Km;0.10g;19.639950312500094;socket;0PJmAroWbFMeAhv9OXim9F;62_EF_wcd_perilex_2_fasen:perilex 2 fasen;4.927607792889405;16.118072900148093;0.2750000000000001;0.3709274210610563;-7.126050755113631e-05;0.10185185185185187
1t1oDnFlHE3uR2mEwZk2Km;0.10g;19.639950312500094;socket;0PJmAroWbFMeAhv9OXim9C;62_EF_wcd_inbouw_enkelvoudig:wcd enkelvoudig;4.634999999999804;16.118072900146487;0.2750000000000001;0.2816326530611801;-7.126050781906434e-05;0.10185185185185187
1t1oDnFlHE3uR2mEwZk2Km;0.10g;19.639950312500094;socket;0PJmAroWbFMeAhv9OXim96;62_EF_wcd_inbouw_enkelvoudig:wcd enkelvoudig;4.927607792889405;16.11807290014749;2.2750000000000004;0.3709274210610563;-7.12605076519057e-05;0.8425925925925927
1t1oDnFlHE3uR2mEwZk2Km;0.10g;19.639950312500094;socket;2Ef9F310nAd8$uUmcuMpmR;62_EF_wcd_inbouw_enkelvoudig:wcd enkelvoudig;6.9889999999998045;21.118557275148987;0.2750000000000001;0.9999999999999404;0.8342466463917526;0.10185185185185187
1t1oDnFlHE3uR2mEwZk2Km;0.10g;19.639950312500094;socket;3WrQo_up9EGR4yz2uv2pMH;62_EF_wcd_inbouw_tweevoudig_kindvriendelijk_hor:wcd inbouw tweevoudig;3.7121249999997445;21.528572900142287;0.2750000000000001;-5.664826693643249e-14;0.9026566947763869;0.10185185185185187
1t1oDnFlHE3uR2mEwZk2Km;0.10g;19.639950312500094;socket;3WrQo_up9EGR4yz2uv2pMJ;62_EF_wcd_inbouw_enkelvoudig:wcd enkelvoudig;6.9889999999998045;21.118557275148987;0.2750000000000001;0.9999999999999404;0.8342466463917526;0.10185185185185187
1t1oDnFlHE3uR2mEwZk2Ke;0.10h;10.153865312501615;lamp;2cItPlyHHCagf8BrNhpjUp;63_LF_Sylvania Start Surface Slim IP54 Square 4000LM 2CCT D opbouw:S20;21.183493334128304;20.91487290014239;2.575;0.49174405765847207;0.6874747663926758;0.9537037037037037
1t1oDnFlHE3uR2mEwZk2Ke;0.10h;10.153865312501615;socket;3QbHax$TTA59iZCPHwZLb2;62_EF_wcd_inbouw_tweevoudig_kindvriendelijk_hor:wcd inbouw tweevoudig;22.542124999999807;21.05532290014579;0.2750000000000001;0.999999999999927;0.7244498881521534;0.10185185185185187
1t1oDnFlHE3uR2mEwZk2Ke;0.10h;10.153865312501615;socket;3QbHax$TTA59iZCPHwZMNK;62_EF_wcd_inbouw_enkelvoudig:wcd enkelvoudig;19.868999999999804;21.84756627860429;0.2750000000000001;-7.309768616657559e-14;0.93301731699469;0.10185185185185187
1t1oDnFlHE3uR2mEwZk2Ke;0.10h;10.153865312501615;socket;3QbHax$TTA59iZCPHwZMNL;62_EF_wcd_inbouw_enkelvoudig:wcd enkelvoudig;19.868999999999804;20.022566278604288;0.2750000000000001;-7.309768616657559e-14;0.4525645066749023;0.10185185185185187
1t1oDnFlHE3uR2mEwZk2Ke;0.10h;10.153865312501615;socket;1G018qoYL7avBXSNBddZg9;62_EF_wcd_inbouw_enkelvoudig:wcd enkelvoudig;19.588999999999803;21.172475240094293;1.475;-0.10474631751234839;0.7552916256665632;0.5462962962962963
1t1oDnFlHE3uR2mEwZk2Ke;0.10h;10.153865312501615;socket;3GvW2Im$P22xEgM773_lO_;62_EF_wcd_inbouw_enkelvoudig:wcd enkelvoudig;22.542124999999807;21.36112531277149;0.2750000000000001;0.999999999999927;0.8049559859869971;0.10185185185185187
1t1oDnFlHE3uR2mEwZk2KW;0.10i;21.394140000004754;lamp;2cItPlyHHCagf8BrNhpjUn;63_LF_Sylvania Start Surface Slim IP54 Square 4000LM 2CCT D opbouw:S20;24.254868334128904;20.56207290014899;2.575;0.5199378184867522;0.7070123946138587;0.9537037037037037
1t1oDnFlHE3uR2mEwZk2KW;0.10i;21.394140000004754;lamp;2cItPlyHHCagf8BrNhpjUo;63_LF_Sylvania Start Surface Slim IP54 Square 4000LM 2CCT D opbouw:S20;24.254868334128904;17.36807290014439;2.575;0.5199378184867522;0.19881828164585708;0.9537037037037037
1t1oDnFlHE3uR2mEwZk2KW;0.10i;21.394140000004754;socket;3QbHax$TTA59iZCPHwZLb1;62_EF_wcd_inbouw_tweevoudig_kindvriendelijk_hor:wcd inbouw tweevoudig;22.612124999999804;21.528572900142287;0.2750000000000001;0.03734576968266865;0.8607912331171333;0.10185185185185187
1t1oDnFlHE3uR2mEwZk2KW;0.10i;21.394140000004754;socket;3QbHax$TTA59iZCPHwZLbH;62_EF_wcd_inbouw_tweevoudig_kindvriendelijk_hor:wcd inbouw tweevoudig;25.888999999999804;20.81861977514899;0.2750000000000001;0.9999999999999426;0.7478313086949949;0.10185185185185187
1t1oDnFlHE3uR2mEwZk2KW;0.10i;21.394140000004754;socket;3QbHax$TTA59iZCPHwZLbO;62_EF_wcd_inbouw_tweevoudig_kindvriendelijk_hor:wcd inbouw tweevoudig;25.888999999999804;18.391417471365592;0.2750000000000001;0.9999999999999426;0.3616416024447392;0.10185185185185187
1t1oDnFlHE3uR2mEwZk2KW;0.10i;21.394140000004754;socket;3QbHax$TTA59iZCPHwZLac;62_EF_wcd_inbouw_tweevoudig_kindvriendelijk_hor:wcd inbouw tweevoudig;24.290124511118407;16.11807290014739;1.175;0.5302950972733277;-6.795542601624804e-05;0.4351851851851852
1t1oDnFlHE3uR2mEwZk2KW;0.10i;21.394140000004754;socket;3QbHax$TTA59iZCPHwZLad;62_EF_wcd_inbouw_enkelvoudig:wcd enkelvoudig;25.334999999999805;16.118072900146487;1.175;0.8372502937719759;-6.795542615982628e-05;0.4351851851851852
1t1oDnFlHE3uR2mEwZk2KW;0.10i;21.394140000004754;socket;3QbHax$TTA59iZCPHwZLaa;62_EF_wcd_perilex_2_fasen:perilex 2 fasen;23.827607792889406;16.118072900148093;0.2750000000000001;0.3944206207078163;-6.795542590432484e-05;0.10185185185185187
1t1oDnFlHE3uR2mEwZk2KW;0.10i;21.394140000004754;socket;3QbHax$TTA59iZCPHwZLab;62_EF_wcd_inbouw_enkelvoudig:wcd enkelvoudig;23.534999999999805;16.118072900146487;0.2750000000000001;0.30846063454753386;-6.795542615982628e-05;0.10185185185185187
1t1oDnFlHE3uR2mEwZk2KW;0.10i;21.394140000004754;socket;3QbHax$TTA59iZCPHwZLal;62_EF_wcd_inbouw_enkelvoudig:wcd enkelvoudig;23.827607792889406;16.11807290014739;2.2750000000000004;0.3944206207078163;-6.795542601624804e-05;0.8425925925925927
1t1oDnFlHE3uR2mEwZk2KW;0.10i;21.394140000004754;socket;3GvW2Im$P22xEgM773_lOv;62_EF_wcd_inbouw_enkelvoudig:wcd enkelvoudig;25.888999999999804;21.118557275148987;0.2750000000000001;0.9999999999999426;0.7955540612805051;0.10185185185185187
1t1oDnFlHE3uR2mEwZk2Ax;0.10n;10.153865312500665;lamp;2cItPlyHHCagf8BrNhpj6J;63_LF_Sylvania Start Surface Slim IP54 Square 4000LM 2CCT D opbouw:S20;37.17450666587091;7.896522900141639;2.575;0.5082559423412505;0.31341921814969254;0.9537037037037037
1t1oDnFlHE3uR2mEwZk2Ax;0.10n;10.153865312500665;socket;3IQagtRHT0k8VsqPCD2391;62_EF_wcd_inbouw_enkelvoudig:wcd enkelvoudig;38.488999999999805;6.963829521679749;0.2750000000000001;0.9999999999999256;0.06787666754764819;0.10185185185185187
1t1oDnFlHE3uR2mEwZk2Ax;0.10n;10.153865312500665;socket;3IQagtRHT0k8VsqPCD239E;62_EF_wcd_inbouw_enkelvoudig:wcd enkelvoudig;38.488999999999805;8.78882952167975;0.2750000000000001;0.9999999999999256;0.548329477867499;0.10185185185185187
1t1oDnFlHE3uR2mEwZk2Ax;0.10n;10.153865312500665;socket;3IQagtRHT0k8VsqPCD239z;62_EF_wcd_inbouw_tweevoudig_kindvriendelijk_hor:wcd inbouw tweevoudig;35.8158768458663;7.756072900138219;0.2750000000000001;6.905275287066907e-07;0.27644409639020423;0.10185185185185187
0uTKpX65n4F8dUcjgdRs$X;0.10o;9.666119000001004;lamp;2cItPlyHHCagf8BrNhpkfM;63_LF_Sylvania Start Surface Slim IP54 Square 1900LM 2CCT D opbouw:S21;2.9220182162559047;17.379572900142286;2.575;0.5819482170011635;0.43783452830207603;0.9537037037037037
0uTKpX65n4F8dUcjgdRs$X;0.10o;9.666119000001004;socket;0PJmAroWbFMeAhv9OXidKZ;62_EF_wcd_opbouw_enkelvoudig:wcd opbouw enkelvoudig;1.6849148869557344;16.118072900142487;1.8750000000000002;0.21332386381279334;-0.00014828568964981038;0.6944444444444445
0uTKpX65n4F8dUcjgdRs$X;0.10o;9.666119000001004;socket;0PJmAroWbFMeAhv9OXidK0;62_EF_wcd_inbouw_enkelvoudig:wcd enkelvoudig;0.9959999999998046;16.78857290014229;1.475;0.008045292014244525;0.23264400664599313;0.5462962962962963
0uTKpX65n4F8dUcjgdRs_A;0.10p;3.6795773648663075;socket;3QbHax$TTA59iZCPHwZLcU;62_EF_wcd_opbouw_enkelvoudig:wcd opbouw enkelvoudig;20.584914886955705;16.118072900142387;1.8750000000000002;0.5603942107164538;-0.00014828568964981038;0.6944444444444445
0uTKpX65n4F8dUcjgdRs_A;0.10p;3.6795773648663075;socket;3QbHax$TTA59iZCPHwZMNV;62_EF_wcd_inbouw_enkelvoudig:wcd enkelvoudig;19.868999999999804;16.78857290014229;1.475;-1.5295199440808325e-13;0.2326440066460277;0.5462962962962963
0uTKpX65n4F8dUcjgdRsuD;0.10q;70.43644850000004;lamp;1K7UP3ocH5jAi4C17q_a6j;63_LF_Sylvania Start Pael 600x600 3200LM 840 LILO:S22;36.2252499999999;14.403572900142288;2.375;0.897127811249593;0.499945331113532;0.8796296296296295
0uTKpX65n4F8dUcjgdRsuD;0.10q;70.43644850000004;lamp;1K7UP3ocH5jAi4C17q_a6l;63_LF_Sylvania Start Pael 600x600 3200LM 840 LILO:S22;32.0252499999999;14.403572900142288;2.375;0.7039621947293335;0.499945331113532;0.8796296296296295
0uTKpX65n4F8dUcjgdRsuD;0.10q;70.43644850000004;lamp;1K7UP3ocH5jAi4C17q_a6k;63_LF_Sylvania Start Pael 600x600 3200LM 840 LILO:S22;27.825249999999905;14.403572900142288;2.375;0.5107965782090743;0.499945331113532;0.8796296296296295
0uTKpX65n4F8dUcjgdRsuD;0.10q;70.43644850000004;lamp;1K7UP3ocH5jAi4C17q_a6h;63_LF_Sylvania Start Pael 600x600 3200LM 840 LILO:S22;23.6252499999999;14.403572900142288;2.375;0.3176309616888148;0.499945331113532;0.8796296296296295
0uTKpX65n4F8dUcjgdRsuD;0.10q;70.43644850000004;lamp;1K7UP3ocH5jAi4C17q_a6b;63_LF_Sylvania Start Pael 600x600 3200LM 840 LILO:S22;19.425249999999902;14.403572900142288;2.375;0.12446534516855544;0.499945331113532;0.8796296296296295
0uTKpX65n4F8dUcjgdRsuD;0.10q;70.43644850000004;lamp;1SWMF$5MD9GBRQcRWlYxKp;63_LF_Taurac_I1D13501 LED 3W algemeen NV spot:T5;36.82524999999991;14.403572900142288;2.375;0.9247228993239162;0.499945331113532;0.8796296296296295
0uTKpX65n4F8dUcjgdRsuD;0.10q;70.43644850000004;lamp;1SWMF$5MD9GBRQcRWlYxL7;63_LF_Taurac_I1D13501 LED 3W algemeen NV spot:T5;27.225249999999903;14.403572900142288;2.375;0.48320149013475144;0.499945331113532;0.8796296296296295
0uTKpX65n4F8dUcjgdRsuD;0.10q;70.43644850000004;lamp;1SWMF$5MD9GBRQcRWlYxIs;63_LF_Taurac_I1D13501 LED 3W algemeen NV spot:T5;20.025249999999904;14.403572900142288;2.375;0.15206043324287827;0.499945331113532;0.8796296296296295
0uTKpX65n4F8dUcjgdRsuD;0.10q;70.43644850000004;lamp;3Ya$$51WnCCBYU2s1sRCGm;63_LF_Taurac_E1D14501 LED 2W vluchtwegarmatuur inbouw pijl boven:T3;38.1157019313501;14.403572900142288;2.375;0.9840731238260635;0.499945331113532;0.8796296296296295
0uTKpX65n4F8dUcjgdRsuD;0.10q;70.43644850000004;lamp;3GEKy26cjCMefHqTKEBFLK;64_DD_ledige leiding:ledige leiding;20.809293979098804;16.02357290014229;1.7750000000000001;0.18812003767183932;1.0000225035166812;0.6574074074074074
0uTKpX65n4F8dUcjgdRsuD;0.10q;70.43644850000004;lamp;3GEKy26cjCMefHqTKEBFMa;64_DD_ledige leiding:ledige leiding;27.109293979098805;16.02357290014229;1.7750000000000001;0.4778684624522284;1.0000225035166812;0.6574074074074074
0uTKpX65n4F8dUcjgdRsuD;0.10q;70.43644850000004;lamp;3GEKy26cjCMefHqTKEBFMq;64_DD_ledige leiding:ledige leiding;33.409293979098905;16.02357290014229;1.7750000000000001;0.7676168872326221;1.0000225035166812;0.6574074074074074
0uTKpX65n4F8dUcjgdRsuD;0.10q;70.43644850000004;lamp;2QqltMPCPDIBnG8AIEbifo;64_DD_ledige leiding:ledige leiding;31.248706020900407;12.783572900142289;1.7750000000000001;0.6682475289012741;-0.00013184128961617845;0.6574074074074074
0uTKpX65n4F8dUcjgdRsuD;0.10q;70.43644850000004;lamp;2QqltMPCPDIBnG8AIEbisT;64_DD_ledige leiding:ledige leiding;37.54870602090051;12.783572900142289;1.7750000000000001;0.957995953681668;-0.00013184128961617845;0.6574074074074074
0uTKpX65n4F8dUcjgdRsuD;0.10q;70.43644850000004;lamp;089wotvg9ANBLezzAJ45Yf;64_DD_ledige leiding:ledige leiding;24.948706020900406;12.783572900142289;1.7750000000000001;0.3784991041208851;-0.00013184128961617845;0.6574074074074074
0uTKpX65n4F8dUcjgdRsuD;0.10q;70.43644850000004;lamp;08ewGV4wjFDvujDo9AuZnz;63_LF_Taurac_E1D14501 LED 2W vluchtwegarmatuur inbouw pijl boven:T3;16.931548068651004;14.403572900142288;2.375;0.009775471124086053;0.499945331113532;0.8796296296296295
0uTKpX65n4F8dUcjgdRsuD;0.10q;70.43644850000004;socket;1s_o9zlbX2GPwxi6Fybizn;63_LF_Wieland_contactdoos:contactdoos 4-voudig nood;37.644202092140105;13.69098015415709;2.47;0.9623879911760154;0.2799753524176846;0.9148148148148149
0uTKpX65n4F8dUcjgdRsuD;0.10q;70.43644850000004;socket;3QbHax$TTA59iZCPHwZMRL;62_EF_wcd_inbouw_tweevoudig_kindvriendelijk_hor:wcd inbouw tweevoudig;30.590124511118404;16.11807290014739;1.175;0.6379581709570161;1.0291936719084387;0.4351851851851852
0uTKpX65n4F8dUcjgdRsuD;0.10q;70.43644850000004;socket;3QbHax$TTA59iZCPHwZMRQ;62_EF_wcd_inbouw_enkelvoudig:wcd enkelvoudig;31.634999999999806;16.118072900146487;1.175;0.6860138895276551;1.02919367190816;0.4351851851851852
0uTKpX65n4F8dUcjgdRsuD;0.10q;70.43644850000004;socket;3QbHax$TTA59iZCPHwZMRR;62_EF_wcd_perilex_2_fasen:perilex 2 fasen;30.127607792889407;16.118072900147986;0.2750000000000001;0.6166861883313897;1.029193671908623;0.10185185185185187
0uTKpX65n4F8dUcjgdRsuD;0.10q;70.43644850000004;socket;3QbHax$TTA59iZCPHwZMRO;62_EF_wcd_inbouw_enkelvoudig:wcd enkelvoudig;29.834999999999805;16.118072900146487;0.2750000000000001;0.6032286253046867;1.02919367190816;0.10185185185185187
0uTKpX65n4F8dUcjgdRsuD;0.10q;70.43644850000004;socket;3QbHax$TTA59iZCPHwZMQY;62_EF_wcd_inbouw_enkelvoudig:wcd enkelvoudig;30.127607792889407;16.11807290014739;2.2750000000000004;0.6166861883313897;1.0291936719084387;0.8425925925925927
0uTKpX65n4F8dUcjgdRsuD;0.10q;70.43644850000004;socket;3QbHax$TTA59iZCPHwZMP5;62_EF_wcd_inbouw_tweevoudig_kindvriendelijk_hor:wcd inbouw tweevoudig;36.8901245111184;16.11807290014729;1.175;0.927706595737405;1.029193671908408;0.4351851851851852
0uTKpX65n4F8dUcjgdRsuD;0.10q;70.43644850000004;socket;3QbHax$TTA59iZCPHwZMPA;62_EF_wcd_inbouw_enkelvoudig:wcd enkelvoudig;37.9349999999998;16.118072900146387;1.175;0.9757623143080439;1.0291936719081294;0.4351851851851852
0uTKpX65n4F8dUcjgdRsuD;0.10q;70.43644850000004;socket;3QbHax$TTA59iZCPHwZMPB;62_EF_wcd_perilex_2_fasen:perilex 2 fasen;36.427607792889404;16.118072900147986;0.2750000000000001;0.9064346131117785;1.029193671908623;0.10185185185185187
0uTKpX65n4F8dUcjgdRsuD;0.10q;70.43644850000004;socket;3QbHax$TTA59iZCPHwZMP8;62_EF_wcd_inbouw_enkelvoudig:wcd enkelvoudig;36.134999999999806;16.118072900146387;0.2750000000000001;0.8929770500850758;1.0291936719081294;0.10185185185185187
0uTKpX65n4F8dUcjgdRsuD;0.10q;70.43644850000004;socket;3QbHax$TTA59iZCPHwZMPI;62_EF_wcd_inbouw_enkelvoudig:wcd enkelvoudig;36.427607792889404;16.11807290014739;2.2750000000000004;0.9064346131117785;1.0291936719084387;0.8425925925925927
0uTKpX65n4F8dUcjgdRsuD;0.10q;70.43644850000004;socket;3IQagtRHT0k8VsqPCD23B_;62_EF_wcd_inbouw_tweevoudig_kindvriendelijk_hor:wcd inbouw tweevoudig;27.794875488880507;12.689072900142689;1.175;0.5093995993598172;-0.02930300967967647;0.4351851851851852
0uTKpX65n4F8dUcjgdRsuD;0.10q;70.43644850000004;socket;3IQagtRHT0k8VsqPCD23B$;62_EF_wcd_inbouw_enkelvoudig:wcd enkelvoudig;26.749999999999805;12.689072900142689;1.175;0.46134388078921046;-0.02930300967967647;0.4351851851851852
0uTKpX65n4F8dUcjgdRsuD;0.10q;70.43644850000004;socket;3IQagtRHT0k8VsqPCD23By;62_EF_wcd_perilex_2_fasen:perilex 2 fasen;28.257392207109504;12.693322900135989;0.2750000000000001;0.5306715819854436;-0.027991078828217806;0.10185185185185187
0uTKpX65n4F8dUcjgdRsuD;0.10q;70.43644850000004;socket;3IQagtRHT0k8VsqPCD23Bz;62_EF_wcd_inbouw_enkelvoudig:wcd enkelvoudig;28.549999999999805;12.689072900142689;0.2750000000000001;0.5441291450121788;-0.02930300967967647;0.10185185185185187
0uTKpX65n4F8dUcjgdRsuD;0.10q;70.43644850000004;socket;3IQagtRHT0k8VsqPCD23Bw;62_EF_wcd_inbouw_enkelvoudig:wcd enkelvoudig;28.257392207109504;12.689072900142689;2.2750000000000004;0.5306715819854436;-0.02930300967967647;0.8425925925925927
0uTKpX65n4F8dUcjgdRsuD;0.10q;70.43644850000004;socket;0V3$k0vdX6NRM8NOmzCa7C;62_EF_wcd_inbouw_enkelvoudig:wcd enkelvoudig;24.818999999999804;16.018072900142386;0.2750000000000001;0.37253368900334827;0.9983247106474405;0.10185185185185187
0uTKpX65n4F8dUcjgdRsuD;0.10q;70.43644850000004;socket;0V3$k0vdX6NRM8NOmzCa6W;62_EF_wcd_inbouw_enkelvoudig:wcd enkelvoudig;35.1789999999998;15.85017290014239;0.2750000000000001;0.849008876419988;0.9464957246928192;0.10185185185185187
0uTKpX65n4F8dUcjgdRsuD;0.10q;70.43644850000004;socket;2to48Tu2LA1BLD4IiWrGxP;62_EF_Dimplex_kachel_inbouw wcd:PLX2000;37.2919999999998;16.02307290014219;0.12500000000000008;0.9461895782550613;0.9998681587103526;0.04629629629629632
1RtdpAIwXDNvruIh9ZVXFR;0.10t;10.153865312501257;lamp;2cItPlyHHCagf8BrNhpkfK;63_LF_Sylvania Start Surface Slim IP54 Square 4000LM 2CCT D opbouw:S20;2.2834933341283445;20.91487290014239;2.575;0.4917440576584913;0.6874747663926674;0.9537037037037037
1RtdpAIwXDNvruIh9ZVXFR;0.10t;10.153865312501257;socket;0PJmAroWbFMeAhv9OXidKz;62_EF_wcd_inbouw_enkelvoudig:wcd enkelvoudig;0.9959999999998046;21.84756627860429;0.2750000000000001;0.010100537760039214;0.9330173169946883;0.10185185185185187
1RtdpAIwXDNvruIh9ZVXFR;0.10t;10.153865312501257;socket;0PJmAroWbFMeAhv9OXidKw;62_EF_wcd_inbouw_enkelvoudig:wcd enkelvoudig;0.9959999999998046;20.022566278604288;0.2750000000000001;0.010100537760039214;0.4525645066748874;0.10185185185185187
1RtdpAIwXDNvruIh9ZVXFR;0.10t;10.153865312501257;socket;0PJmAroWbFMeAhv9OXidKP;62_EF_wcd_inbouw_tweevoudig_kindvriendelijk_hor:wcd inbouw tweevoudig;3.6421249999997545;21.05532290014589;0.2750000000000001;0.9999999999999156;0.7244498881521722;0.10185185185185187
1RtdpAIwXDNvruIh9ZVXFR;0.10t;10.153865312501257;socket;2Ef9F310nAd8$uUmcuMpmO;62_EF_wcd_inbouw_enkelvoudig:wcd enkelvoudig;3.6421249999997647;21.361125312771584;0.2750000000000001;0.9999999999999194;0.8049559859870161;0.10185185185185187
1RtdpAIwXDNvruIh9ZVXFR;0.10t;10.153865312501257;socket;3WrQo_up9EGR4yz2uv2pME;62_EF_wcd_inbouw_tweevoudig_kindvriendelijk_hor:wcd inbouw tweevoudig;3.6421249999997447;21.05532290014589;0.2750000000000001;0.999999999999912;0.7244498881521722;0.10185185185185187
1RtdpAIwXDNvruIh9ZVXFR;0.10t;10.153865312501257;socket;3WrQo_up9EGR4yz2uv2pMG;62_EF_wcd_inbouw_enkelvoudig:wcd enkelvoudig;3.6421249999997545;21.361125312771584;0.2750000000000001;0.9999999999999156;0.8049559859870161;0.10185185185185187
1RtdpAIwXDNvruIh9ZVXFD;0.10u;3.6795773648661805;socket;3QbHax$TTA59iZCPHwZLaD;62_EF_wcd_opbouw_enkelvoudig:wcd opbouw enkelvoudig;26.884914886955706;16.118072900142387;1.8750000000000002;0.5603942107164538;-0.0001482856896498155;0.6944444444444445
1RtdpAIwXDNvruIh9ZVXFD;0.10u;3.6795773648661805;socket;3QbHax$TTA59iZCPHwZMMb;62_EF_wcd_inbouw_enkelvoudig:wcd enkelvoudig;26.168999999999805;16.78857290014229;1.475;-1.5295199440808325e-13;0.2326440066460357;0.5462962962962963
1RtdpAIwXDNvruIh9ZVXCf;0.10v;4.395984917387577;lamp;2cItPlyHHCagf8BrNhpjUr;63_LF_Sylvania Start Surface Slim IP54 Square 1900LM 2CCT D opbouw:S21;21.822018216255906;17.379572900142286;2.575;0.32499621168367127;0.5962519622424036;0.9537037037037037
1RtdpAIwXDNvruIh9ZVXD2;0.10x;1.1573781638698213;socket;3IQagtRHT0k8VsqPCD2393;62_EF_wcd_opbouw_enkelvoudig:wcd opbouw enkelvoudig;37.80008511304311;12.68907290014259;1.8750000000000002;0.44821483578562543;1.000078640930517;0.6944444444444445
1RtdpAIwXDNvruIh9ZVXD2;0.10x;1.1573781638698213;socket;3IQagtRHT0k8VsqPCD239V;62_EF_wcd_inbouw_enkelvoudig:wcd enkelvoudig;38.488999999999805;12.022822900141488;1.475;0.9999999999998407;0.28136235182469016;0.5462962962962963
