room_id;room_name;room_length;room_width;room_height;lamp_id;lamp_name;x;y;z;x_norm;y_norm;z_norm
37VWGMOVT9FOlS6Zj$wGHr;0.11;6.865999999996429;6.2820000000072795;2.7;101lFrvj97lAzAEhtFeC6u;63_LF_Taurac_E1D14601 LED 2W vluchtwegarmatuur opbouw pijl boven:T4:3241768;20.429000000000002;47.079;2.6;0.03393533352697549;0.2863737663163653;0.9629629629629629
37VWGMOVT9FOlS6Zj$wGHr;0.11;6.865999999996429;6.2820000000072795;2.7;1zKITG9c55a8VntybRzk43;64_DD_ledige leiding:ledige leiding:3336725;26.272000000000002;48.481249999999804;3.525;0.8849402854644993;0.5095908946191635;1.3055555555555554
37VWGMOVT9FOlS6Zj$wGHr;0.11;6.865999999996429;6.2820000000072795;2.7;3Sn07dPhzFcuE$Ux2YtfPD;64_DD_ledige leiding:ledige leiding:3830301;26.022000000000002;48.481249999999804;3.525;0.8485289833963184;0.5095908946191635;1.3055555555555554
37VWGMOVT9FOlS6Zj$wGHs;0.06a;4.10599999999636;2.9726500000006197;2.7;2vOQ$HH613tx9qQyE8lm2A;63_LF_Sylvania start eco surf mw2050 840:S1:3340472;25.109;17.1655623883501;2.6;0.524354603019461;0.5248557308632393;0.9629629629629629
37VWGMOVT9FOlS6Zj$wGHs;0.06a;4.10599999999636;2.9726500000006197;2.7;3aTmIAb$T8OBzpnNkcnbEG;64_DD_ledige leiding:ledige leiding:3391753;25.6368467285657;15.6053499999993;0.3;0.6529095783156535;4.4817507259512897e-14;0.1111111111111111
37VWGMOVT9FOlS6Zj$wGHs;0.06a;4.10599999999636;2.9726500000006197;2.7;3aTmIAb$T8OBzpnNkcnbEJ;64_DD_ledige leiding:ledige leiding:3391754;25.8868467285656;15.6053499999993;0.3;0.7137960858656103;4.4817507259512897e-14;0.1111111111111111
37VWGMOVT9FOlS6Zj$wGHt;0.06c;1.7459999999993023;0.9124500000006002;2.7;2vOQ$HH613tx9qQyE8lm3n;63_LF_Focon_FO641:F1:3340483;21.896;15.6008123883465;2.6;0.4501718213058211;0.24550648073542472;0.9629629629629629
37VWGMOVT9FOlS6Zj$wGHn;0.06;6.865999999996323;3.1853500000011756;2.7;3m6XRktkL8NeqJIttZ9Hli;64_DD_ledige leiding:ledige leiding:3337247;26.272000000000002;15.4812499999996;3.525;0.8849402854645172;0.9999686062757155;1.3055555555555554
37VWGMOVT9FOlS6Zj$wGHn;0.06;6.865999999996323;3.1853500000011756;2.7;2vOQ$HH613tx9qQyE8lm2B;63_LF_Sylvania start eco surf mw2050 840:S1:3340473;21.434;13.7755623883495;2.6;0.18030876784106947;0.4644897384434618;0.9629629629629629
37VWGMOVT9FOlS6Zj$wGHn;0.06;6.865999999996323;3.1853500000011756;2.7;2vOQ$HH613tx9qQyE8lm28;63_LF_Sylvania start eco surf mw2050 840:S1:3340474;25.254;13.7755623883495;2.6;0.7366734634428822;0.4644897384434618;0.9629629629629629
37VWGMOVT9FOlS6Zj$wGHn;0.06;6.865999999996323;3.1853500000011756;2.7;3Sn07dPhzFcuE$Ux2YtfNU;64_DD_ledige leiding:ledige leiding:3830158;26.022000000000002;15.4812499999996;3.525;0.8485289833963358;0.9999686062757155;1.3055555555555554
37VWGMOVT9FOlS6Zj$wGHn;0.06;6.865999999996323;3.1853500000011756;2.7;1vmv07unL77OTA25Qfnbwm;64_DD_ledige leiding:ledige leiding:4080700;21.089000000000002;15.272803421996299;2.4;0.13006117098697922;0.9345294620676304;0.8888888888888888
37VWGMOVT9FOlS6Zj$wGHo;0.07a;4.10599999999647;2.9727500000000227;2.7;2vOQ$HH613tx9qQyE8lm1l;63_LF_Sylvania start eco surf mw2050 840:S1:3340381;25.109;23.7655623883501;2.6;0.5243546030194824;0.5248717141873119;0.9629629629629629
37VWGMOVT9FOlS6Zj$wGHo;0.07a;4.10599999999647;2.9727500000000227;2.7;3aTmIAb$T8OBzpnNkcnbFW;64_DD_ledige leiding:ledige leiding:3391865;25.6368467285657;22.205249999999904;0.3;0.6529095783156715;4.899882628233771e-14;0.1111111111111111
37VWGMOVT9FOlS6Zj$wGHo;0.07a;4.10599999999647;2.9727500000000227;2.7;3aTmIAb$T8OBzpnNkcnbFZ;64_DD_ledige leiding:ledige leiding:3391866;25.8868467285657;22.205249999999904;0.3;0.7137960858656508;4.899882628233771e-14;0.1111111111111111
37VWGMOVT9FOlS6Zj$wGHp;0.07c;1.7459999999990998;0.9110000000000404;2.7;2vOQ$HH613tx9qQyE8lm1Q;63_LF_Focon_FO641:F1:3340392;21.896;22.200812388346503;2.6;0.45017182130581435;0.2445800091620484;0.9629629629629629
37VWGMOVT9FOlS6Zj$wGHz;0.07;6.865999999995562;3.2012500000010995;2.7;2vOQ$HH613tx9qQyE8lm1i;63_LF_Sylvania start eco surf mw2050 840:S1:3340382;21.434;20.3755623883495;2.6;0.18030876784105943;0.46718075387754715;0.9629629629629629
37VWGMOVT9FOlS6Zj$wGHz;0.07;6.865999999995562;3.2012500000010995;2.7;2vOQ$HH613tx9qQyE8lm1j;63_LF_Sylvania start eco surf mw2050 840:S1:3340383;25.254;20.3755623883495;2.6;0.7366734634429338;0.46718075387754715;0.9629629629629629
37VWGMOVT9FOlS6Zj$wGHz;0.07;6.865999999995562;3.2012500000010995;2.7;1vmv07unL77OTA25Qfnbwh;64_DD_ledige leiding:ledige leiding:4080679;21.089000000000002;21.872803421996302;2.4;0.13006117098696363;0.9348858795772854;0.8888888888888888
37VWGMOVT9FOlS6Zj$wGH_;0.08a;4.105999999996449;2.972750000000019;2.7;26uuD9SBL4OAaP2sxBv5ZU;63_LF_Sylvania start eco surf mw2050 840:S1:3340719;25.109;30.3655623883501;2.6;0.5243546030194826;0.524871714187309;0.9629629629629629
37VWGMOVT9FOlS6Zj$wGH_;0.08a;4.105999999996449;2.972750000000019;2.7;3aTmIAb$T8OBzpnNkcnbCT;64_DD_ledige leiding:ledige leiding:3391876;25.6368467285657;28.8052499999999;0.3;0.6529095783156723;4.5413546310459394e-14;0.1111111111111111
37VWGMOVT9FOlS6Zj$wGH_;0.08a;4.105999999996449;2.972750000000019;2.7;3aTmIAb$T8OBzpnNkcnbCS;64_DD_ledige leiding:ledige leiding:3391877;25.8868467285657;28.8052499999999;0.3;0.7137960858656519;4.5413546310459394e-14;0.1111111111111111
37VWGMOVT9FOlS6Zj$wGH$;0.08c;1.7459999999990998;0.9110000000000404;2.7;26uuD9SBL4OAaP2sxBv5ZB;63_LF_Focon_FO641:F1:3340730;21.896;28.8008123883465;2.6;0.45017182130581435;0.2445800091620406;0.9629629629629629
37VWGMOVT9FOlS6Zj$wGHv;0.08;6.865999999995541;3.201250000001103;2.7;26uuD9SBL4OAaP2sxBv5Z1;63_LF_Sylvania start eco surf mw2050 840:S1:3340720;21.434;26.9755623883495;2.6;0.18030876784105845;0.4671807538775488;0.9629629629629629
37VWGMOVT9FOlS6Zj$wGHv;0.08;6.865999999995541;3.201250000001103;2.7;26uuD9SBL4OAaP2sxBv5Z0;63_LF_Sylvania start eco surf mw2050 840:S1:3340721;25.254;26.9755623883495;2.6;0.7366734634429345;0.4671807538775488;0.9629629629629629
37VWGMOVT9FOlS6Zj$wGHv;0.08;6.865999999995541;3.201250000001103;2.7;1vmv07unL77OTA25QfnbwU;64_DD_ledige leiding:ledige leiding:4080658;21.091;28.4728034219963;2.4;0.13035246140350779;0.9348858795772866;0.8888888888888888
37VWGMOVT9FOlS6Zj$wGHw;0.09a;4.105999999996442;2.972750000000019;2.7;2vOQ$HH613tx9qQyE8lm_N;63_LF_Sylvania start eco surf mw2050 840:S1:3340197;25.109;36.9655623883501;2.6;0.5243546030194947;0.5248717141873425;0.9629629629629629
37VWGMOVT9FOlS6Zj$wGHw;0.09a;4.105999999996442;2.972750000000019;2.7;3aTmIAb$T8OBzpnNkcnbCM;64_DD_ledige leiding:ledige leiding:3391887;25.6368467285657;35.405249999999896;0.3;0.6529095783156847;7.64859727334053e-14;0.1111111111111111
37VWGMOVT9FOlS6Zj$wGHw;0.09a;4.105999999996442;2.972750000000019;2.7;3aTmIAb$T8OBzpnNkcnbC9;64_DD_ledige leiding:ledige leiding:3391888;25.8868467285657;35.405249999999896;0.3;0.7137960858656645;7.64859727334053e-14;0.1111111111111111
37VWGMOVT9FOlS6Zj$wGHx;0.09c;1.7459999999990892;0.9110000000000369;2.7;2vOQ$HH613tx9qQyE8lm_2;63_LF_Focon_FO641:F1:3340208;21.896;35.4008123883465;2.6;0.450171821305813;0.24458000916203765;0.9629629629629629
37VWGMOVT9FOlS6Zj$wGH5;0.09;6.86599999999552;3.201250000001096;2.7;2vOQ$HH613tx9qQyE8lm_K;63_LF_Sylvania start eco surf mw2050 840:S1:3340198;21.434;33.575562388349496;2.6;0.18030876784105745;0.467180753877541;0.9629629629629629
37VWGMOVT9FOlS6Zj$wGH5;0.09;6.86599999999552;3.201250000001096;2.7;2vOQ$HH613tx9qQyE8lm_L;63_LF_Sylvania start eco surf mw2050 840:S1:3340199;25.254;33.575562388349496;2.6;0.7366734634429353;0.467180753877541;0.9629629629629629
37VWGMOVT9FOlS6Zj$wGH5;0.09;6.86599999999552;3.201250000001096;2.7;2e5OARmov0wwRzxcq3CJ$J;64_DD_ledige leiding:ledige leiding:4080288;21.089000000000002;35.0728034219939;2.4;0.13006117098696132;0.9348858795765318;0.8888888888888888
37VWGMOVT9FOlS6Zj$wGH6;0.10a;4.105999999996531;2.972750000000019;2.7;2vOQ$HH613tx9qQyE8lm0o;63_LF_Sylvania start eco surf mw2050 840:S1:3340288;25.109;43.5655623883501;2.6;0.5243546030194566;0.5248717141873138;0.9629629629629629
37VWGMOVT9FOlS6Zj$wGH6;0.10a;4.105999999996531;2.972750000000019;2.7;3aTmIAb$T8OBzpnNkcnbC5;64_DD_ledige leiding:ledige leiding:3391900;25.6368467285657;42.0052499999999;0.3;0.6529095783156438;4.780373295837831e-14;0.1111111111111111
37VWGMOVT9FOlS6Zj$wGH6;0.10a;4.105999999996531;2.972750000000019;2.7;3aTmIAb$T8OBzpnNkcnbC4;64_DD_ledige leiding:ledige leiding:3391901;25.8868467285657;42.0052499999999;0.3;0.7137960858656222;4.780373295837831e-14;0.1111111111111111
37VWGMOVT9FOlS6Zj$wGH7;0.27;1.7459999999990998;0.9110000000000511;2.7;2vOQ$HH613tx9qQyE8lm0v;63_LF_Focon_FO641:F1:3340299;22.036;42.0008123883465;2.6;0.5303550973654207;0.24458000916204942;0.9629629629629629
37VWGMOVT9FOlS6Zj$wGH1;0.10;6.865999999995619;3.201250000001089;2.7;2vOQ$HH613tx9qQyE8lm0p;63_LF_Sylvania start eco surf mw2050 840:S1:3340289;21.434;40.1755623883495;2.6;0.18030876784105795;0.4671807538775465;0.9629629629629629
37VWGMOVT9FOlS6Zj$wGH1;0.10;6.865999999995619;3.201250000001089;2.7;2vOQ$HH613tx9qQyE8lm0m;63_LF_Sylvania start eco surf mw2050 840:S1:3340290;25.254;40.1755623883495;2.6;0.7366734634429277;0.4671807538775465;0.9629629629629629
37VWGMOVT9FOlS6Zj$wGH1;0.10;6.865999999995619;3.201250000001089;2.7;2daiF75fXFRxLTJ4A1GVDJ;64_DD_ledige leiding:ledige leiding:4080487;21.089000000000002;41.6728034219939;2.4;0.13006117098696254;0.9348858795765361;0.8888888888888888
37VWGMOVT9FOlS6Zj$wGH2;0.06b;2.647499999999731;2.1887500000000273;2.7;2vOQ$HH613tx9qQyE8lm27;64_DD_ledige leiding:ledige leiding:3340469;22.606;16.3892499999999;1.52;0.9055712936718098;8.115850779669804e-15;0.5629629629629629
37VWGMOVT9FOlS6Zj$wGH2;0.06b;2.647499999999731;2.1887500000000273;2.7;2vOQ$HH613tx9qQyE8lm24;63_LF_Trilux Aviella C07 OA 2000-830:TR1:3340470;21.526;17.489;2.4;0.49763928234032284;0.5024557395774317;0.8888888888888888
37VWGMOVT9FOlS6Zj$wGH3;0.07b;2.647499999999667;2.189;2.7;2vOQ$HH613tx9qQyE8lm1e;64_DD_ledige leiding:ledige leiding:3340378;22.606;22.989249999999902;1.52;0.9055712936718759;0.0001142074005946632;0.5629629629629629
37VWGMOVT9FOlS6Zj$wGH3;0.07b;2.647499999999667;2.189;2.7;2vOQ$HH613tx9qQyE8lm1f;63_LF_Trilux Aviella C07 OA 2000-830:TR1:3340379;21.526;24.089000000000002;2.4;0.49763928234037913;0.502512562814071;0.8888888888888888
37VWGMOVT9FOlS6Zj$wGH3;0.07b;2.647499999999667;2.189;2.7;2vOQ$HH613tx9qQyE8lm1U;63_lf_Thorneco ELSA LED 600 1200 WH:TH1:3340396;22.296162591222203;25.178;2.27;0.7885411109418143;1.0;0.8407407407407407
37VWGMOVT9FOlS6Zj$wGHC;0.08b;2.647499999999667;2.189;2.7;26uuD9SBL4OAaP2sxBv5ZT;64_DD_ledige leiding:ledige leiding:3340716;22.606;29.589249999999904;1.52;0.9055712936718383;0.0001142074005946632;0.5629629629629629
37VWGMOVT9FOlS6Zj$wGHC;0.08b;2.647499999999667;2.189;2.7;26uuD9SBL4OAaP2sxBv5ZS;63_LF_Trilux Aviella C07 OA 2000-830:TR1:3340717;21.526;30.689;2.4;0.49763928234034155;0.5025125628140694;0.8888888888888888
37VWGMOVT9FOlS6Zj$wGHC;0.08b;2.647499999999667;2.189;2.7;26uuD9SBL4OAaP2sxBv5ZF;63_lf_Thorneco ELSA LED 600 1200 WH:TH1:3340734;22.296162591222203;31.778000000000002;2.27;0.7885411109417767;1.0;0.8407407407407407
37VWGMOVT9FOlS6Zj$wGHD;0.09b;2.647499999999667;2.189;2.7;2vOQ$HH613tx9qQyE8lm_H;63_LF_Trilux Aviella C07 OA 2000-830:TR1:3340195;21.526;37.289;2.4;0.49763928234034155;0.502512562814071;0.8888888888888888
37VWGMOVT9FOlS6Zj$wGHD;0.09b;2.647499999999667;2.189;2.7;2vOQ$HH613tx9qQyE8lm_6;63_lf_Thorneco ELSA LED 600 1200 WH:TH1:3340212;22.296162591222203;38.378;2.27;0.7885411109417767;1.0;0.8407407407407407
37VWGMOVT9FOlS6Zj$wGHE;0.10b;2.647499999999667;2.189;2.7;2vOQ$HH613tx9qQyE8lm$F;64_DD_ledige leiding:ledige leiding:3340285;22.606;42.789249999999896;1.52;0.9055712936718383;0.00011420740059141721;0.5629629629629629
37VWGMOVT9FOlS6Zj$wGHE;0.10b;2.647499999999667;2.189;2.7;2vOQ$HH613tx9qQyE8lm$C;63_LF_Trilux Aviella C07 OA 2000-830:TR1:3340286;21.526;43.889;2.4;0.49763928234034155;0.502512562814071;0.8888888888888888
37VWGMOVT9FOlS6Zj$wGHE;0.10b;2.647499999999667;2.189;2.7;2vOQ$HH613tx9qQyE8lm0z;63_lf_Thorneco ELSA LED 600 1200 WH:TH1:3340303;22.296162591222203;44.978;2.27;0.7885411109417767;1.0;0.8407407407407407
37VWGMOVT9FOlS6Zj$wGHF;0.12;11.1040000000005;6.866000000001435;2.7;101lFrvj97lAzAEhtFeC2i;64_DD_ledige leiding:ledige leiding:3241532;17.162;49.362;0.87;0.9999999999999738;0.6795805417993782;0.3222222222222222
37VWGMOVT9FOlS6Zj$wGHF;0.12;11.1040000000005;6.866000000001435;2.7;101lFrvj97lAzAEhtFeC1O;64_DD_ledige leiding:ledige leiding:3241672;17.162;46.89622180363391;0.87;0.9999999999999738;0.32045176283555943;0.3222222222222222
37VWGMOVT9FOlS6Zj$wGHF;0.12;11.1040000000005;6.866000000001435;2.7;101lFrvj97lAzAEhtFeCuT;63_LF_Taurac_E1D14601 LED 2W vluchtwegarmatuur opbouw pijl boven:T4:3242125;12.376;44.949;2.38;0.568984149855901;0.03684823769231714;0.8814814814814814
37VWGMOVT9FOlS6Zj$wGHF;0.12;11.1040000000005;6.866000000001435;2.7;2o_CtByNL6YeZ7uA6YaXGh;63_LF_Trilux_Onplana D09 OTA25 3000-830 ET  01:TR7:3318369;10.939;50.4624999999999;2.6;0.43957132564841406;0.8398630935033787;0.9629629629629629
37VWGMOVT9FOlS6Zj$wGHF;0.12;11.1040000000005;6.866000000001435;2.7;2o_CtByNL6YeZ7uA6YaXGX;63_LF_Trilux_Onplana D09 OTA25 3000-830 ET  01:TR7:3318375;10.939;45.7964999999999;2.6;0.43957132564841406;0.16028255170334643;0.9629629629629629
37VWGMOVT9FOlS6Zj$wGHF;0.12;11.1040000000005;6.866000000001435;2.7;0QUKRE7Jv05BlN1G8KIOJn;64_DD_ledige leiding:ledige leiding:3333046;10.6767500000001;50.7716748175434;3.525;0.4159537103746489;0.8848929241971503;1.3055555555555554
37VWGMOVT9FOlS6Zj$wGHF;0.12;11.1040000000005;6.866000000001435;2.7;3DFuBDfhT0692KuAHqXV0A;63_LF_Trilux_Onplana D09 OTA25 3000-830 ET  01:TR7:3819781;10.939;48.1294999999999;2.6;0.43957132564841406;0.5000728226033626;0.9629629629629629
37VWGMOVT9FOlS6Zj$wGHF;0.12;11.1040000000005;6.866000000001435;2.7;3Ace1Q62D7ieG7FvP17OBf;64_DD_ledige leiding:ledige leiding:3833179;10.6767500000001;50.522;3.525;0.4159537103746489;0.8485289833956139;1.3055555555555554
37VWGMOVT9FOlS6Zj$wGHF;0.12;11.1040000000005;6.866000000001435;2.7;0$zmthpMb0yfl1IOAaklrQ;64_DD_ledige leiding:ledige leiding:4077338;14.1685500000001;49.922000000000004;3.525;0.7304169668587845;0.7611418584320443;1.3055555555555554
37VWGMOVT9FOlS6Zj$wGHF;0.12;11.1040000000005;6.866000000001435;2.7;2lqqOveUrBNffAeZgQFi05;64_DD_ledige leiding:ledige leiding:4094287;11.429;48.252885588675404;2.6;0.48369956772334005;0.5180433423638459;0.9629629629629629
37VWGMOVT9FOlS6Zj$wGHF;0.12;11.1040000000005;6.866000000001435;2.7;3i4RH4eMz8khBkHm9_SCQK;64_DD_ledige leiding:ledige leiding:4094516;7.148000000000001;51.562;1.6;0.09816282420750731;0.9999999999991359;0.5925925925925926
37VWGMOVT9FOlS6Zj$wGH8;0.13;4.96200000000004;2.7999999999999616;2.7;101lFrvj97lAzAEhtFeCuA;64_DD_ledige leiding:ledige leiding:3242138;1.816;47.496;0.3;0.16525594518328462;0.9999999999988606;0.1111111111111111
37VWGMOVT9FOlS6Zj$wGH8;0.13;4.96200000000004;2.7999999999999616;2.7;101lFrvj97lAzAEhtFeCuC;64_DD_ledige leiding:ledige leiding:3242140;5.958;45.655650276030904;0.3;0.9999999999998842;0.34273224143845954;0.1111111111111111
37VWGMOVT9FOlS6Zj$wGH8;0.13;4.96200000000004;2.7999999999999616;2.7;22NSrQ0M5D5PPxa15iLjn1;64_DD_ledige leiding:ledige leiding:3318618;2.066;47.496;0.3;0.21563885530017254;0.9999999999988606;0.1111111111111111
37VWGMOVT9FOlS6Zj$wGH8;0.13;4.96200000000004;2.7999999999999616;2.7;1z5GiMtuf9WuqIxIeUEg2Y;63_LF_Taurac_E1D14501 LED 2W vluchtwegarmatuur inbouw pijl boven:T3:3439855;5.276;44.829;2.38;0.8625554212010138;0.04749999999884697;0.8814814814814814
37VWGMOVT9FOlS6Zj$wGH8;0.13;4.96200000000004;2.7999999999999616;2.7;3Tvu6GO1n48PmOMqb15FUx;63_LF_Trilux Siella G4 D2 OTA19 LED3800-840 ET:TR4-O:4257824;2.277;46.396;2.6;0.25816203143882605;0.6071428571417119;0.9629629629629629
37VWGMOVT9FOlS6Zj$wGH8;0.13;4.96200000000004;2.7999999999999616;2.7;3Tvu6GO1n48PmOMqb15Gm8;63_LF_Trilux Siella G4 D2 OTA19 LED3800-840 ET:TR4-O:4260755;4.6770000000000005;46.396;2.6;0.7418379685609504;0.6071428571417119;0.9629629629629629
37VWGMOVT9FOlS6Zj$wGH8;0.13;4.96200000000004;2.7999999999999616;2.7;08KNwwydL79APjdXjpFsJl;64_DD_ledige leiding:ledige leiding:4318729;4.006;47.496;1.6;0.6066102378072231;0.9999999999988606;0.5925925925925926
37VWGMOVT9FOlS6Zj$wGH8;0.13;4.96200000000004;2.7999999999999616;2.7;3WrzVclITDZOs5swbDbxXl;64_DD_ledige leiding:ledige leiding:4357077;2.969;46.597561607991004;2.6;0.39762192664237184;0.6791291457099282;0.9629629629629629
37VWGMOVT9FOlS6Zj$wGH9;0.14;1.8690000000000797;3.9660000000022464;2.7;101lFrvj97lAzAEhtFeC7V;63_LF_Trilux Siella G5 M73 OTA19 LED3600-840 ET:TR2:3241807;5.02349999999993;49.679;2.38;0.4999999999996664;0.5252143217349348;0.8814814814814814
37VWGMOVT9FOlS6Zj$wGH9;0.14;1.8690000000000797;3.9660000000022464;2.7;1z5GiMtuf9WuqIxIeUEg2m;63_LF_Taurac_E1D14501 LED 2W vluchtwegarmatuur inbouw pijl boven:T3:3439869;5.02349999999993;51.409;2.38;0.4999999999996664;0.9614220877457812;0.8814814814814814
37VWGMOVT9FOlS6Zj$wGHA;0.18;1.47825000000156;1.4439999999995692;2.7;101lFrvj97lAzAEhtFeC7Q;63_LF_Norton_WDO-SV-RS 28W:N1:3241802;1.55;50.459;2.6;0.37476746152573814;0.5034626038781118;0.9629629629629629
37VWGMOVT9FOlS6Zj$wGHK;0.16;1.2065000000000001;1.0580000000000211;2.7;101lFrvj97lAzAEhtFeC2E;63_LF_Trilux Aviella C07 OA 2000-830:TR1:3241502;3.37887499999987;49.875;2.38;0.49430169912915056;0.5;0.8814814814814814
37VWGMOVT9FOlS6Zj$wGHL;0.17;1.2064999999999895;1.0579999999999714;2.7;101lFrvj97lAzAEhtFeC2F;63_LF_Trilux Aviella C07 OA 2000-830:TR1:3241503;3.37887499999987;51.033;2.38;0.49430169912915306;0.4999999999944963;0.8814814814814814
37VWGMOVT9FOlS6Zj$wGHM;0.01a;4.10599999999576;2.9567499999995803;2.7;101lFrvj97lAzAEhtFeCur;63_LF_Sylvania start eco surf mw2050 840:S1:3242149;2.949;37.969;2.6;0.47564539698059666;0.5288746089456546;0.9629629629629629
37VWGMOVT9FOlS6Zj$wGHG;0.01c;1.7460000000008709;0.9122500000012721;2.7;101lFrvj97lAzAEhtFe3z2;63_LF_Focon_FO641:F1:3246546;6.1622499999958;36.404250000000594;2.6;0.5499713631132626;0.24828720197348414;0.9629629629629629
37VWGMOVT9FOlS6Zj$wGHH;0.01;6.866;3.2012499999999022;2.7;101lFrvj97lAzAEhtFeCBl;64_DD_ledige leiding:ledige leiding:3241087;1.794;36.2812499999999;0.3;0.11622487620157299;1.0;0.1111111111111111
37VWGMOVT9FOlS6Zj$wGHH;0.01;6.866;3.2012499999999022;2.7;101lFrvj97lAzAEhtFeCus;63_LF_Sylvania start eco surf mw2050 840:S1:3242150;6.6240000000000006;34.579;2.6;0.8196912321584621;0.4682545880515574;0.9629629629629629
37VWGMOVT9FOlS6Zj$wGHH;0.01;6.866;3.2012499999999022;2.7;101lFrvj97lAzAEhtFeCut;63_LF_Sylvania start eco surf mw2050 840:S1:3242151;2.8040000000000003;34.579;2.6;0.2633265365569473;0.4682545880515574;0.9629629629629629
37VWGMOVT9FOlS6Zj$wGHH;0.01;6.866;3.2012499999999022;2.7;0yRq2DqrjFaOnPX0Yg4vQl;64_DD_ledige leiding:ledige leiding:3818553;2.044;36.2812499999999;0.3;0.15263617826973494;1.0;0.1111111111111111
37VWGMOVT9FOlS6Zj$wGHH;0.01;6.866;3.2012499999999022;2.7;0$zmthpMb0yfl1IOAakJf0;64_DD_ledige leiding:ledige leiding:4059136;6.969;36.07775;2.4;0.8699388290125256;0.9364310816087763;0.8888888888888888
37VWGMOVT9FOlS6Zj$wGHI;0.02a;4.10599999999576;2.9727500000000617;2.7;3rHy23GnL8qxC_Zgc6iwxt;63_LF_Sylvania start eco surf mw2050 840:S1:3328839;2.949;31.369;2.6;0.4756453969805863;0.5260280884702341;0.9629629629629629
37VWGMOVT9FOlS6Zj$wGHJ;0.03a;4.105999999995749;2.9727500000000617;2.7;0__tvX2kX97PBcCLdgIabC;63_LF_Sylvania start eco surf mw2050 840:S1:3329227;2.949;24.769000000000002;2.6;0.4756453969805891;0.5260280884702376;0.9629629629629629
37VWGMOVT9FOlS6Zj$wGHS;0.04a;4.10599999999573;2.972750000000058;2.7;0__tvX2kX97PBcCLdgIabx;63_LF_Sylvania start eco surf mw2050 840:S1:3329276;2.949;18.169;2.6;0.47564539698059377;0.5260280884702108;0.9629629629629629
37VWGMOVT9FOlS6Zj$wGHT;0.05a;4.105999999995721;2.97275000000006;2.7;0__tvX2kX97PBcCLdgIaYg;63_LF_Sylvania start eco surf mw2050 840:S1:3329325;2.949;11.569;2.6;0.4756453969805978;0.5260280884702104;0.9629629629629629
37VWGMOVT9FOlS6Zj$wGHV;0.03c;1.7460000000008193;0.9110000000012626;2.7;0__tvX2kX97PBcCLdgIabU;63_LF_Focon_FO641:F1:3329241;6.1622499999958;23.204250000000602;2.6;0.549971363113264;0.248353457739095;0.9629629629629629
37VWGMOVT9FOlS6Zj$wGHO;0.03;6.86599999999583;3.2012500000016892;2.7;0__tvX2kX97PBcCLdgIab3;64_DD_ledige leiding:ledige leiding:3329220;1.786;23.0812499999999;0.3;0.1150597145354893;0.9999999999995749;0.1111111111111111
37VWGMOVT9FOlS6Zj$wGHO;0.03;6.86599999999583;3.2012500000016892;2.7;0__tvX2kX97PBcCLdgIabB;63_LF_Sylvania start eco surf mw2050 840:S1:3329228;6.6240000000000006;21.379;2.6;0.8196912321589875;0.46825458805142917;0.9629629629629629
37VWGMOVT9FOlS6Zj$wGHO;0.03;6.86599999999583;3.2012500000016892;2.7;0__tvX2kX97PBcCLdgIabA;63_LF_Sylvania start eco surf mw2050 840:S1:3329229;2.8040000000000003;21.379;2.6;0.2633265365571349;0.46825458805142917;0.9629629629629629
37VWGMOVT9FOlS6Zj$wGHO;0.03;6.86599999999583;3.2012500000016892;2.7;1CJhIPkcf1FAkC7bZyU1Ch;64_DD_ledige leiding:ledige leiding:3826366;2.036;23.0812499999999;0.3;0.15147101660367338;0.9999999999995749;0.1111111111111111
37VWGMOVT9FOlS6Zj$wGHO;0.03;6.86599999999583;3.2012500000016892;2.7;2BN9o8Eo151wmBIHZUxNXi;64_DD_ledige leiding:ledige leiding:4079974;6.969;22.877749999999903;2.4;0.8699388290130815;0.9364310816083556;0.8888888888888888
37VWGMOVT9FOlS6Zj$wGHQ;0.02c;1.7460000000008193;0.9120000000012638;2.7;3rHy23GnL8qxC_Zgc6iwxb;63_LF_Focon_FO641:F1:3328853;6.1622499999958;29.8042500000006;2.6;0.549971363113264;0.24917763157928155;0.9629629629629629
37VWGMOVT9FOlS6Zj$wGHR;0.02;6.8659999999958305;3.2012500000017;2.7;3rHy23GnL8qxC_Zgc6iwxm;64_DD_ledige leiding:ledige leiding:3328832;1.786;29.681249999999903;0.3;0.11505971453548798;0.999999999999586;0.1111111111111111
37VWGMOVT9FOlS6Zj$wGHR;0.02;6.8659999999958305;3.2012500000017;2.7;3rHy23GnL8qxC_Zgc6iwxu;63_LF_Sylvania start eco surf mw2050 840:S1:3328840;6.6240000000000006;27.979;2.6;0.8196912321589862;0.46825458805144093;0.9629629629629629
37VWGMOVT9FOlS6Zj$wGHR;0.02;6.8659999999958305;3.2012500000017;2.7;3rHy23GnL8qxC_Zgc6iwxv;63_LF_Sylvania start eco surf mw2050 840:S1:3328841;2.8040000000000003;27.979;2.6;0.26332653655713356;0.46825458805144093;0.9629629629629629
37VWGMOVT9FOlS6Zj$wGHR;0.02;6.8659999999958305;3.2012500000017;2.7;1CJhIPkcf1FAkC7bZyU1C3;64_DD_ledige leiding:ledige leiding:3826326;2.036;29.681249999999903;0.3;0.15147101660367204;0.999999999999586;0.1111111111111111
37VWGMOVT9FOlS6Zj$wGHR;0.02;6.8659999999958305;3.2012500000017;2.7;2BN9o8Eo151wmBIHZUxNXP;64_DD_ledige leiding:ledige leiding:4079955;6.969;29.47775;2.4;0.8699388290130802;0.9364310816083969;0.8888888888888888
37VWGMOVT9FOlS6Zj$wGIb;0.04c;1.7460000000008193;0.912000000001278;2.7;0__tvX2kX97PBcCLdgIaYD;63_LF_Focon_FO641:F1:3329290;6.1622499999958;16.6042500000006;2.6;0.549971363113264;0.24917763157926207;0.9629629629629629
37VWGMOVT9FOlS6Zj$wGIc;0.04;6.8659999999958305;3.2012500000016892;2.7;0__tvX2kX97PBcCLdgIabo;64_DD_ledige leiding:ledige leiding:3329269;1.794;16.481249999999903;0.3;0.11622487620167272;0.999999999999586;0.1111111111111111
37VWGMOVT9FOlS6Zj$wGIc;0.04;6.8659999999958305;3.2012500000016892;2.7;0__tvX2kX97PBcCLdgIabw;63_LF_Sylvania start eco surf mw2050 840:S1:3329277;6.6240000000000006;14.779;2.6;0.819691232158989;0.46825458805143916;0.9629629629629629
37VWGMOVT9FOlS6Zj$wGIc;0.04;6.8659999999958305;3.2012500000016892;2.7;0__tvX2kX97PBcCLdgIabv;63_LF_Sylvania start eco surf mw2050 840:S1:3329278;2.8040000000000003;14.779;2.6;0.2633265365571364;0.46825458805143916;0.9629629629629629
37VWGMOVT9FOlS6Zj$wGIc;0.04;6.8659999999958305;3.2012500000016892;2.7;1CJhIPkcf1FAkC7bZyU1DO;64_DD_ledige leiding:ledige leiding:3826381;2.044;16.481249999999903;0.3;0.1526361782698568;0.999999999999586;0.1111111111111111
37VWGMOVT9FOlS6Zj$wGIc;0.04;6.8659999999958305;3.2012500000016892;2.7;2BN9o8Eo151wmBIHZUxNXp;64_DD_ledige leiding:ledige leiding:4079993;6.969;16.2777499999999;2.4;0.869938829013083;0.9364310816083656;0.8888888888888888
37VWGMOVT9FOlS6Zj$wGIW;0.05c;1.7460000000007998;0.9110000000012732;2.7;0__tvX2kX97PBcCLdgIaYy;63_LF_Focon_FO641:F1:3329339;6.1622499999958;10.004250000000601;2.6;0.5499713631132646;0.248353457739096;0.9629629629629629
37VWGMOVT9FOlS6Zj$wGIX;0.05;6.866;3.1852500000017905;2.7;0__tvX2kX97PBcCLdgIaYX;64_DD_ledige leiding:ledige leiding:3329318;1.786;9.88124999999992;0.3;0.11505971453539174;0.9999999999996046;0.1111111111111111
37VWGMOVT9FOlS6Zj$wGIX;0.05;6.866;3.1852500000017905;2.7;0__tvX2kX97PBcCLdgIaYf;63_LF_Sylvania start eco surf mw2050 840:S1:3329326;6.6240000000000006;8.179;2.6;0.8196912321584621;0.4655835491718948;0.9629629629629629
37VWGMOVT9FOlS6Zj$wGIX;0.05;6.866;3.1852500000017905;2.7;0__tvX2kX97PBcCLdgIaYe;63_LF_Sylvania start eco surf mw2050 840:S1:3329327;2.8040000000000003;8.179;2.6;0.26332653655694727;0.4655835491718948;0.9629629629629629
37VWGMOVT9FOlS6Zj$wGIX;0.05;6.866;3.1852500000017905;2.7;1CJhIPkcf1FAkC7bZyU1D9;64_DD_ledige leiding:ledige leiding:3826396;2.036;9.88124999999992;0.3;0.1514710166035537;0.9999999999996046;0.1111111111111111
37VWGMOVT9FOlS6Zj$wGIX;0.05;6.866;3.1852500000017905;2.7;2BN9o8Eo151wmBIHZUxNY4;64_DD_ledige leiding:ledige leiding:4080014;6.969;9.677749999999952;2.4;0.8699388290125255;0.9361117651672198;0.8888888888888888
37VWGMOVT9FOlS6Zj$wGIY;0.02b;2.6475000000003055;2.1889999999999965;2.7;3rHy23GnL8qxC_Zgc6iwxq;64_DD_ledige leiding:ledige leiding:3328836;5.452;30.589000000000002;1.52;0.09442870632846866;0.0;0.5629629629629629
37VWGMOVT9FOlS6Zj$wGIY;0.02b;2.6475000000003055;2.1889999999999965;2.7;3rHy23GnL8qxC_Zgc6iwxr;63_LF_Trilux Aviella C07 OA 2000-830:TR1:3328837;6.532;31.662;2.4;0.5023607176598663;0.49017816354499705;0.8888888888888888
37VWGMOVT9FOlS6Zj$wGIY;0.02b;2.6475000000003055;2.1889999999999965;2.7;3rHy23GnL8qxC_Zgc6iwxf;63_lf_Thorneco ELSA LED 600 1200 WH:TH1:3328857;5.7618374087812;32.765500000001296;2.27;0.21145888905978658;0.9942896299686146;0.8407407407407407
37VWGMOVT9FOlS6Zj$wGIZ;0.03b;2.6475000000003055;2.189;2.7;0__tvX2kX97PBcCLdgIabF;64_DD_ledige leiding:ledige leiding:3329224;5.452;23.989;1.52;0.09442870632847637;0.0;0.5629629629629629
37VWGMOVT9FOlS6Zj$wGIZ;0.03b;2.6475000000003055;2.189;2.7;0__tvX2kX97PBcCLdgIabE;63_LF_Trilux Aviella C07 OA 2000-830:TR1:3329225;6.532;25.062;2.4;0.5023607176598741;0.4901781635449979;0.8888888888888888
37VWGMOVT9FOlS6Zj$wGIZ;0.03b;2.6475000000003055;2.189;2.7;0__tvX2kX97PBcCLdgIabQ;63_lf_Thorneco ELSA LED 600 1200 WH:TH1:3329245;5.76183740878119;26.1655000000013;2.27;0.2114588890597906;0.9942896299686147;0.8407407407407407
37VWGMOVT9FOlS6Zj$wGIi;0.04b;2.6475000000003055;2.189;2.7;0__tvX2kX97PBcCLdgIabz;63_LF_Trilux Aviella C07 OA 2000-830:TR1:3329274;6.532;18.462;2.4;0.5023607176598814;0.49017816354499627;0.8888888888888888
37VWGMOVT9FOlS6Zj$wGIi;0.04b;2.6475000000003055;2.189;2.7;0__tvX2kX97PBcCLdgIaY9;63_lf_Thorneco ELSA LED 600 1200 WH:TH1:3329294;5.76183740878118;19.5655000000013;2.27;0.2114588890597943;0.9942896299686147;0.8407407407407407
37VWGMOVT9FOlS6Zj$wGIj;0.05b;2.647500000000509;2.189;2.7;0__tvX2kX97PBcCLdgIaYj;64_DD_ledige leiding:ledige leiding:3329322;5.452;10.789;1.52;0.0944287063284879;0.0;0.5629629629629629
37VWGMOVT9FOlS6Zj$wGIj;0.05b;2.647500000000509;2.189;2.7;0__tvX2kX97PBcCLdgIaYi;63_LF_Trilux Aviella C07 OA 2000-830:TR1:3329323;6.532;11.862;2.4;0.5023607176598542;0.4901781635449979;0.8888888888888888
37VWGMOVT9FOlS6Zj$wGIj;0.05b;2.647500000000509;2.189;2.7;0__tvX2kX97PBcCLdgIaYu;63_lf_Thorneco ELSA LED 600 1200 WH:TH1:3329343;5.76183740878117;12.9765000000013;2.27;0.2114588890597854;0.9993147555967566;0.8407407407407407
37VWGMOVT9FOlS6Zj$wGIk;0.01b;2.6475000000002016;2.1594999999996247;2.7;101lFrvj97lAzAEhtFeCF3;63_LF_Trilux Aviella C07 OA 2000-830:TR1:3241299;6.532;38.262;2.4;0.5023607176598787;0.4964112062972856;0.8888888888888888
37VWGMOVT9FOlS6Zj$wGIk;0.01b;2.6475000000002016;2.1594999999996247;2.7;29Mbf5ReTDnQLziCdm53Qo;63_lf_Thorneco ELSA LED 600 1200 WH:TH1:3266848;5.76183740878121;39.3495000000008;2.27;0.21145888905979118;0.9999999999999901;0.8407407407407407
37VWGMOVT9FOlS6Zj$wGIk;0.01b;2.6475000000002016;2.1594999999996247;2.7;1855i_kanDwPKJ9GJCzjS4;63_LF_Wieland_contactdoos:contactdoos 4-voudig:3729957;5.97274999999999;38.0058750000043;2.6;0.29112370160701084;0.3778073628169693;0.9629629629629629
37VWGMOVT9FOlS6Zj$wGJj;1.06c;1.7459999999993023;0.9115000000002276;2.7000000000000006;3m6XRktkL8NeqJIttZ9HlT;63_LF_Focon_FO641:F1:3337262;21.895750000004004;15.6008123883465;5.825;0.4500286368865787;0.24499439204254111;0.9629629629629628
37VWGMOVT9FOlS6Zj$wGJl;1.06;6.865999999995573;3.18525000000092;2.7000000000000006;3m6XRktkL8NeqJIttZ9HlN;63_LF_Sylvania start eco surf mw2050 840:S1:3337252;21.434;13.7755623883495;5.825;0.18030876784106484;0.46450432096401656;0.9629629629629628
37VWGMOVT9FOlS6Zj$wGJl;1.06;6.865999999995573;3.18525000000092;2.7000000000000006;3m6XRktkL8NeqJIttZ9HlM;63_LF_Sylvania start eco surf mw2050 840:S1:3337253;25.254;13.7755623883495;5.825;0.7366734634429384;0.46450432096401656;0.9629629629629628
37VWGMOVT9FOlS6Zj$wGJl;1.06;6.865999999995573;3.18525000000092;2.7000000000000006;1lNsA3zdb8KAsgaZhrPf7X;64_DD_ledige leiding:ledige leiding:4081927;21.089000000000002;15.2728034219939;5.625;0.13006117098696912;0.9345588013482776;0.8888888888888886
37VWGMOVT9FOlS6Zj$wGJe;1.07c;1.7459999999990998;0.9110000000000404;2.7000000000000006;3m6XRktkL8NeqJIttZ9HnV;63_LF_Focon_FO641:F1:3337132;21.895750000004004;22.200812388346503;5.825;0.45002863688657185;0.2445800091620094;0.9629629629629628
37VWGMOVT9FOlS6Zj$wGJg;1.08c;1.7459999999990998;0.9110000000000404;2.7000000000000006;3r97wE4UX5pR$O4kvnj9En;63_LF_Focon_FO641:F1:3333196;21.895750000004004;28.8008123883465;5.825;0.45002863688657185;0.2445800091620406;0.9629629629629628
37VWGMOVT9FOlS6Zj$wGJq;1.09c;1.7459999999990892;0.9110000000000369;2.7000000000000006;3nN31SFfz2JOE2lpzsqraf;63_LF_Focon_FO641:F1:3335621;21.895750000004004;35.4008123883465;5.825;0.4500286368865705;0.24458000916203765;0.9629629629629628
37VWGMOVT9FOlS6Zj$wGJs;1.10c;1.7459999999990998;0.9110000000000511;2.7000000000000006;1zKITG9c55a8VntybRzknL;63_LF_Focon_FO641:F1:3336003;21.895750000004004;42.0008123883465;5.825;0.45002863688657185;0.24458000916204942;0.9629629629629628
37VWGMOVT9FOlS6Zj$wGJm;1.07;6.865999999995562;3.2012500000010995;2.7000000000000006;3m6XRktkL8NeqJIttZ9HnH;63_LF_Sylvania start eco surf mw2050 840:S1:3337122;21.434;20.3755623883495;5.825;0.18030876784105943;0.46718075387754715;0.9629629629629628
37VWGMOVT9FOlS6Zj$wGJm;1.07;6.865999999995562;3.2012500000010995;2.7000000000000006;3m6XRktkL8NeqJIttZ9HnG;63_LF_Sylvania start eco surf mw2050 840:S1:3337123;25.254;20.3755623883495;5.825;0.7366734634429338;0.46718075387754715;0.9629629629629628
37VWGMOVT9FOlS6Zj$wGJm;1.07;6.865999999995562;3.2012500000010995;2.7000000000000006;1lNsA3zdb8KAsgaZhrPf0I;64_DD_ledige leiding:ledige leiding:4081908;21.089000000000002;21.8728034219939;5.625;0.13006117098696363;0.9348858795765352;0.8888888888888886
37VWGMOVT9FOlS6Zj$wGJn;1.06a;4.10599999999636;2.9727500000002607;2.7000000000000006;3m6XRktkL8NeqJIttZ9HlG;63_LF_Sylvania start eco surf mw2050 840:S1:3337251;25.109;17.1655623883501;5.825;0.524354603019461;0.5248717141873405;0.9629629629629628
37VWGMOVT9FOlS6Zj$wGJn;1.06a;4.10599999999636;2.9727500000002607;2.7000000000000006;1Oeycrr3H6rPCzlpApDNqk;64_DD_ledige leiding:ledige leiding:3392406;25.6368467285656;15.6052499999996;3.525;0.6529095783156293;1.792639985939041e-14;0.11111111111111102
37VWGMOVT9FOlS6Zj$wGJn;1.06a;4.10599999999636;2.9727500000002607;2.7000000000000006;1Oeycrr3H6rPCzlpApDNql;64_DD_ledige leiding:ledige leiding:3392407;25.8868467285656;15.6052499999996;3.525;0.7137960858656103;1.792639985939041e-14;0.11111111111111102
37VWGMOVT9FOlS6Zj$wGJo;1.08;6.865999999995541;3.201250000001103;2.7000000000000006;3r97wE4UX5pR$O4kvnj9F2;63_LF_Sylvania start eco surf mw2050 840:S1:3333183;21.434;26.9755623883495;5.825;0.18030876784105845;0.4671807538775488;0.9629629629629628
37VWGMOVT9FOlS6Zj$wGJo;1.08;6.865999999995541;3.201250000001103;2.7000000000000006;3r97wE4UX5pR$O4kvnj9Ez;63_LF_Sylvania start eco surf mw2050 840:S1:3333184;25.254;26.9755623883495;5.825;0.7366734634429345;0.4671807538775488;0.9629629629629628
37VWGMOVT9FOlS6Zj$wGJo;1.08;6.865999999995541;3.201250000001103;2.7000000000000006;1lNsA3zdb8KAsgaZhrPf07;64_DD_ledige leiding:ledige leiding:4081889;21.089000000000002;28.472803421993902;5.625;0.1300611709869625;0.9348858795765376;0.8888888888888886
37VWGMOVT9FOlS6Zj$wGJp;1.07a;4.10599999999647;2.9727500000000227;2.7000000000000006;3m6XRktkL8NeqJIttZ9HnI;63_LF_Sylvania start eco surf mw2050 840:S1:3337121;25.109;23.7655623883501;5.825;0.5243546030194824;0.5248717141873119;0.9629629629629628
37VWGMOVT9FOlS6Zj$wGJp;1.07a;4.10599999999647;2.9727500000000227;2.7000000000000006;1Oeycrr3H6rPCzlpApDNqY;64_DD_ledige leiding:ledige leiding:3392410;25.6368467285657;22.205249999999904;3.525;0.6529095783156715;4.899882628233771e-14;0.11111111111111102
37VWGMOVT9FOlS6Zj$wGJp;1.07a;4.10599999999647;2.9727500000000227;2.7000000000000006;1Oeycrr3H6rPCzlpApDNqZ;64_DD_ledige leiding:ledige leiding:3392411;25.8868467285657;22.205249999999904;3.525;0.7137960858656508;4.899882628233771e-14;0.11111111111111102
37VWGMOVT9FOlS6Zj$wGJy;1.09;6.86599999999553;3.201250000001096;2.7000000000000006;3nN31SFfz2JOE2lpzsqrbN;63_LF_Sylvania start eco surf mw2050 840:S1:3335611;21.434;33.575562388349496;5.825;0.18030876784105873;0.46718075387754543;0.9629629629629628
37VWGMOVT9FOlS6Zj$wGJy;1.09;6.86599999999553;3.201250000001096;2.7000000000000006;3nN31SFfz2JOE2lpzsqrbG;63_LF_Sylvania start eco surf mw2050 840:S1:3335612;25.254;33.575562388349496;5.825;0.7366734634429356;0.46718075387754543;0.9629629629629628
37VWGMOVT9FOlS6Zj$wGJy;1.09;6.86599999999553;3.201250000001096;2.7000000000000006;1lNsA3zdb8KAsgaZhrPf0e;64_DD_ledige leiding:ledige leiding:4081870;21.089000000000002;35.0728034219939;5.625;0.13006117098696268;0.9348858795765362;0.8888888888888886
37VWGMOVT9FOlS6Zj$wGJz;1.08a;4.105999999996449;2.972750000000019;2.7000000000000006;3r97wE4UX5pR$O4kvnj9F3;63_LF_Sylvania start eco surf mw2050 840:S1:3333182;25.109;30.3655623883501;5.825;0.5243546030194826;0.524871714187309;0.9629629629629628
37VWGMOVT9FOlS6Zj$wGJz;1.08a;4.105999999996449;2.972750000000019;2.7000000000000006;1Oeycrr3H6rPCzlpApDNqc;64_DD_ledige leiding:ledige leiding:3392414;25.6368467285657;28.8052499999999;3.525;0.6529095783156723;4.5413546310459394e-14;0.11111111111111102
37VWGMOVT9FOlS6Zj$wGJz;1.08a;4.105999999996449;2.972750000000019;2.7000000000000006;1Oeycrr3H6rPCzlpApDNqd;64_DD_ledige leiding:ledige leiding:3392415;25.8868467285657;28.8052499999999;3.525;0.7137960858656519;4.5413546310459394e-14;0.11111111111111102
37VWGMOVT9FOlS6Zj$wGJ_;1.10;6.865999999995619;3.201250000001089;2.7000000000000006;1zKITG9c55a8VntybRzkml;63_LF_Sylvania start eco surf mw2050 840:S1:3335993;21.434;40.1755623883495;5.825;0.18030876784105795;0.4671807538775465;0.9629629629629628
37VWGMOVT9FOlS6Zj$wGJ_;1.10;6.865999999995619;3.201250000001089;2.7000000000000006;1zKITG9c55a8VntybRzkmi;63_LF_Sylvania start eco surf mw2050 840:S1:3335994;25.254;40.1755623883495;5.825;0.7366734634429277;0.4671807538775465;0.9629629629629628
37VWGMOVT9FOlS6Zj$wGJ_;1.10;6.865999999995619;3.201250000001089;2.7000000000000006;3GCKvSyJrFMAscjs57b_O_;64_DD_ledige leiding:ledige leiding:4081261;21.089000000000002;41.6728034219939;5.625;0.13006117098696254;0.9348858795765361;0.8888888888888886
37VWGMOVT9FOlS6Zj$wGJ$;1.09a;4.105999999996438;2.972750000000019;2.7000000000000006;3nN31SFfz2JOE2lpzsqrbM;63_LF_Sylvania start eco surf mw2050 840:S1:3335610;25.109;36.9655623883501;5.825;0.5243546030194839;0.5248717141873138;0.9629629629629628
37VWGMOVT9FOlS6Zj$wGJ$;1.09a;4.105999999996438;2.972750000000019;2.7000000000000006;1Oeycrr3H6rPCzlpApDNqQ;64_DD_ledige leiding:ledige leiding:3392418;25.6368467285657;35.405249999999896;3.525;0.652909578315674;4.780373295837831e-14;0.11111111111111102
37VWGMOVT9FOlS6Zj$wGJ$;1.09a;4.105999999996438;2.972750000000019;2.7000000000000006;1Oeycrr3H6rPCzlpApDNqR;64_DD_ledige leiding:ledige leiding:3392419;25.8868467285657;35.405249999999896;3.525;0.7137960858656538;4.780373295837831e-14;0.11111111111111102
37VWGMOVT9FOlS6Zj$wGJu;1.10a;4.105999999996531;2.9722500000000167;2.7000000000000006;1zKITG9c55a8VntybRzkmk;63_LF_Sylvania start eco surf mw2050 840:S1:3335992;25.109;43.5655623883501;5.825;0.5243546030194566;0.5249600095383401;0.9629629629629628
37VWGMOVT9FOlS6Zj$wGJu;1.10a;4.105999999996531;2.9722500000000167;2.7000000000000006;1Oeycrr3H6rPCzlpApDNqU;64_DD_ledige leiding:ledige leiding:3392422;25.6368467285657;42.0052499999999;3.525;0.6529095783156438;4.542118590105754e-14;0.11111111111111102
37VWGMOVT9FOlS6Zj$wGJu;1.10a;4.105999999996531;2.9722500000000167;2.7000000000000006;1Oeycrr3H6rPCzlpApDNqV;64_DD_ledige leiding:ledige leiding:3392423;25.8868467285657;42.0052499999999;3.525;0.7137960858656222;4.542118590105754e-14;0.11111111111111102
37VWGMOVT9FOlS6Zj$wGJw;1.11c;1.7459999999990892;0.9110000000000511;2.7000000000000006;1zKITG9c55a8VntybRzk4o;63_LF_Focon_FO641:F1:3336740;21.895750000004004;48.600812388346505;5.825;0.4500286368865705;0.24458000916204942;0.9629629629629628
37VWGMOVT9FOlS6Zj$wGJ5;1.06b;2.647499999999731;2.189;2.7000000000000006;3m6XRktkL8NeqJIttZ9HlJ;64_DD_ledige leiding:ledige leiding:3337248;22.606;16.3892499999999;4.745;0.9055712936718098;0.00011420740059304021;0.5629629629629629
37VWGMOVT9FOlS6Zj$wGJ5;1.06b;2.647499999999731;2.189;2.7000000000000006;3m6XRktkL8NeqJIttZ9HlI;63_LF_Trilux Aviella C07 OA 2000-830:TR1:3337249;21.526;17.489;5.6450000000000005;0.49763928234032284;0.5025125628140694;0.8962962962962963
37VWGMOVT9FOlS6Zj$wGJ5;1.06b;2.647499999999731;2.189;2.7000000000000006;3m6XRktkL8NeqJIttZ9Hl1;63_lf_Thorneco ELSA LED 600 1200 WH:TH1:3337266;22.2832420640216;18.578;5.495;0.783660836267302;0.9999999999999983;0.8407407407407406
37VWGMOVT9FOlS6Zj$wGJ5;1.06b;2.647499999999731;2.189;2.7000000000000006;2vOQ$HH613tx9qQyE8lm3r;63_lf_Thorneco ELSA LED 600 1200 WH:TH1:3340487;22.2812612947895;18.578;2.27;0.7829126703628253;0.9999999999999983;-0.35370370370370363
37VWGMOVT9FOlS6Zj$wGJ6;1.07b;2.647499999999674;2.189;2.7000000000000006;3m6XRktkL8NeqJIttZ9Hnj;64_DD_ledige leiding:ledige leiding:3337118;22.606;22.989249999999902;4.745;0.9055712936718788;0.0001142074005946632;0.5629629629629629
37VWGMOVT9FOlS6Zj$wGJ6;1.07b;2.647499999999674;2.189;2.7000000000000006;3m6XRktkL8NeqJIttZ9Hni;63_LF_Trilux Aviella C07 OA 2000-830:TR1:3337119;21.526;24.089000000000002;5.6450000000000005;0.4976392823403832;0.502512562814071;0.8962962962962963
37VWGMOVT9FOlS6Zj$wGJ6;1.07b;2.647499999999674;2.189;2.7000000000000006;3m6XRktkL8NeqJIttZ9Hn3;63_lf_Thorneco ELSA LED 600 1200 WH:TH1:3337136;22.296162591222203;25.178;5.495;0.7885411109418176;1.0;0.8407407407407406
37VWGMOVT9FOlS6Zj$wGJ7;1.08b;2.647499999999674;2.189;2.7000000000000006;3r97wE4UX5pR$O4kvnj9F1;63_LF_Trilux Aviella C07 OA 2000-830:TR1:3333180;21.526;30.689;5.6450000000000005;0.4976392823403456;0.5025125628140694;0.8962962962962963
37VWGMOVT9FOlS6Zj$wGJ7;1.08b;2.647499999999674;2.189;2.7000000000000006;3r97wE4UX5pR$O4kvnj9Ej;63_lf_Thorneco ELSA LED 600 1200 WH:TH1:3333200;22.296162591222203;31.778000000000002;5.495;0.78854111094178;1.0;0.8407407407407406
37VWGMOVT9FOlS6Zj$wGJ0;1.09b;2.6474999999996633;2.189;2.7000000000000006;3nN31SFfz2JOE2lpzsqrbR;64_DD_ledige leiding:ledige leiding:3335607;22.606;36.2060840419029;4.745;0.905571293671845;0.007804496072589171;0.5629629629629629
37VWGMOVT9FOlS6Zj$wGJ0;1.09b;2.6474999999996633;2.189;2.7000000000000006;3nN31SFfz2JOE2lpzsqrbK;63_LF_Trilux Aviella C07 OA 2000-830:TR1:3335608;21.526;37.289;5.6450000000000005;0.4976392823403476;0.502512562814071;0.8962962962962963
37VWGMOVT9FOlS6Zj$wGJ0;1.09b;2.6474999999996633;2.189;2.7000000000000006;3nN31SFfz2JOE2lpzsqrab;63_lf_Thorneco ELSA LED 600 1200 WH:TH1:3335625;22.296162591222203;38.378;5.495;0.7885411109417831;1.0;0.8407407407407406
37VWGMOVT9FOlS6Zj$wGJ1;1.10b;2.647499999999674;2.188500000000012;2.7000000000000006;1zKITG9c55a8VntybRzkmZ;64_DD_ledige leiding:ledige leiding:3335989;22.606;42.789249999999896;4.745;0.9055712936718413;0.00011423349326076873;0.5629629629629629
37VWGMOVT9FOlS6Zj$wGJ1;1.10b;2.647499999999674;2.188500000000012;2.7000000000000006;1zKITG9c55a8VntybRzkmW;63_LF_Trilux Aviella C07 OA 2000-830:TR1:3335990;21.526;43.889;5.6450000000000005;0.4976392823403456;0.5026273703450318;0.8962962962962963
37VWGMOVT9FOlS6Zj$wGJ2;1.11b;2.6474999999997983;2.1605000000059675;2.7000000000000006;1zKITG9c55a8VntybRzk40;64_DD_ledige leiding:ledige leiding:3336726;22.606;49.3892499999999;4.745;0.9055712936718725;0.00011571395509335196;0.5629629629629629
37VWGMOVT9FOlS6Zj$wGJ2;1.11b;2.6474999999997983;2.1605000000059675;2.7000000000000006;1zKITG9c55a8VntybRzk41;63_LF_Trilux Aviella C07 OA 2000-830:TR1:3336727;21.526;50.489000000000004;5.6450000000000005;0.497639282340396;0.5091414024517696;0.8962962962962963
37VWGMOVT9FOlS6Zj$wGJ2;1.11b;2.6474999999997983;2.1605000000059675;2.7000000000000006;0iI5878YvCvg6hzk4LUuyH;63_LF_Norton_WDO-SV-RS 28W:N1:3732081;21.911;49.987;2.6;0.6430594900835616;0.2767877806056156;-0.23148148148148143
37VWGMOVT9FOlS6Zj$wGJ3;1.01a;4.10599999999576;2.956749999999573;2.7000000000000006;0$SMXsjU51Ke549i4V22JJ;63_LF_Sylvania start eco surf mw2050 840:S1:3331704;2.949;37.996;5.825;0.47564539698059655;0.5380062568699204;0.9629629629629628
37VWGMOVT9FOlS6Zj$wGJD;1.01c;1.7460000000008709;0.912550000001275;2.7000000000000006;0$SMXsjU51Ke549i4V22Gj;63_LF_Focon_FO641:F1:3331718;6.16224999999579;36.431249999996695;5.825;0.5499713631132569;0.27812174674959916;0.9629629629629628
37VWGMOVT9FOlS6Zj$wGJF;1.03c;1.7460000000008193;0.9110000000012626;2.7000000000000006;0$SMXsjU51Ke549i4V22CA;63_LF_Focon_FO641:F1:3330465;6.16224999999579;23.231249999996702;5.825;0.5499713631132583;0.2779912184372978;0.9629629629629628
37VWGMOVT9FOlS6Zj$wGJ9;1.02c;1.7460000000008193;0.9110000000012626;2.7000000000000006;0$SMXsjU51Ke549i4V22FJ;63_LF_Focon_FO641:F1:3330424;6.16224999999579;29.8312499999967;5.825;0.5499713631132583;0.27799121843729385;0.9629629629629628
37VWGMOVT9FOlS6Zj$wGJB;1.04c;1.7460000000008193;0.9110000000012697;2.7000000000000006;0$SMXsjU51Ke549i4V22DX;63_LF_Focon_FO641:F1:3330506;6.16224999999579;16.6312499999967;5.825;0.5499713631132583;0.2779912184372995;0.9629629629629628
37VWGMOVT9FOlS6Zj$wGJL;1.05c;1.7460000000007998;0.9110000000012732;2.7000000000000006;0$SMXsjU51Ke549i4V22DO;63_LF_Focon_FO641:F1:3330547;6.16224999999579;10.031249999996701;5.825;0.5499713631132589;0.2779912184372984;0.9629629629629628
37VWGMOVT9FOlS6Zj$wGJM;1.05;6.866;3.1852500000017905;2.7000000000000006;0$SMXsjU51Ke549i4V22Dq;64_DD_ledige leiding:ledige leiding:3330527;1.786;9.88124999999992;3.525;0.11505971453539174;0.9999999999996046;0.11111111111111102
37VWGMOVT9FOlS6Zj$wGJM;1.05;6.866;3.1852500000017905;2.7000000000000006;0$SMXsjU51Ke549i4V22DD;63_LF_Sylvania start eco surf mw2050 840:S1:3330534;6.6240000000000006;8.206;5.825;0.8196912321584621;0.4740601208695588;0.9629629629629628
37VWGMOVT9FOlS6Zj$wGJM;1.05;6.866;3.1852500000017905;2.7000000000000006;0$SMXsjU51Ke549i4V22DC;63_LF_Sylvania start eco surf mw2050 840:S1:3330535;2.8040000000000003;8.206;5.825;0.26332653655694727;0.4740601208695588;0.9629629629629628
37VWGMOVT9FOlS6Zj$wGJM;1.05;6.866;3.1852500000017905;2.7000000000000006;1$Wz2757PFMQSG7lnVEyjN;64_DD_ledige leiding:ledige leiding:3828950;2.036;9.88124999999992;3.525;0.1514710166035537;0.9999999999996046;0.11111111111111102
37VWGMOVT9FOlS6Zj$wGJM;1.05;6.866;3.1852500000017905;2.7000000000000006;0EJTPuUQ5AHQ$Jse36Y6Wm;64_DD_ledige leiding:ledige leiding:4082453;6.969;9.677749999999952;5.625;0.8699388290125255;0.9361117651672198;0.8888888888888886
37VWGMOVT9FOlS6Zj$wGJN;1.01;6.8659999999958305;3.2012500000017;2.7000000000000006;0$SMXsjU51Ke549i4V22JP;64_DD_ledige leiding:ledige leiding:3331698;1.786;36.2812499999999;3.525;0.11505971453548941;0.9999999999995717;0.11111111111111102
37VWGMOVT9FOlS6Zj$wGJN;1.01;6.8659999999958305;3.2012500000017;2.7000000000000006;0$SMXsjU51Ke549i4V22JI;63_LF_Sylvania start eco surf mw2050 840:S1:3331705;6.6240000000000006;34.606;5.825;0.8196912321589875;0.4766887934399436;0.9629629629629628
37VWGMOVT9FOlS6Zj$wGJN;1.01;6.8659999999958305;3.2012500000017;2.7000000000000006;0$SMXsjU51Ke549i4V22JH;63_LF_Sylvania start eco surf mw2050 840:S1:3331706;2.724;34.606;5.825;0.25167491989531604;0.4766887934399436;0.9629629629629628
37VWGMOVT9FOlS6Zj$wGJN;1.01;6.8659999999958305;3.2012500000017;2.7000000000000006;1$Wz2757PFMQSG7lnVEyit;64_DD_ledige leiding:ledige leiding:3828918;2.036;36.2812499999999;3.525;0.1514710166036735;0.9999999999995717;0.11111111111111102
37VWGMOVT9FOlS6Zj$wGJN;1.01;6.8659999999958305;3.2012500000017;2.7000000000000006;0EJTPuUQ5AHQ$Jse36Y6dc;64_DD_ledige leiding:ledige leiding:4082371;6.9670000000000005;36.07775;5.625;0.8696475385965361;0.9364310816083836;0.8888888888888886
37VWGMOVT9FOlS6Zj$wGJG;1.02a;4.10599999999576;2.9727500000000617;2.7000000000000006;0$SMXsjU51Ke549i4V22F1;63_LF_Sylvania start eco surf mw2050 840:S1:3330410;2.949;31.396;5.825;0.4756453969805863;0.535110587839505;0.9629629629629628
37VWGMOVT9FOlS6Zj$wGJH;1.02;6.8659999999958305;3.2012500000016892;2.7000000000000006;0$SMXsjU51Ke549i4V22FF;64_DD_ledige leiding:ledige leiding:3330404;1.786;29.681249999999903;3.525;0.11505971453548798;0.999999999999576;0.11111111111111102
37VWGMOVT9FOlS6Zj$wGJH;1.02;6.8659999999958305;3.2012500000016892;2.7000000000000006;0$SMXsjU51Ke549i4V22F0;63_LF_Sylvania start eco surf mw2050 840:S1:3330411;6.6240000000000006;28.006;5.825;0.8196912321589862;0.47668879343994514;0.9629629629629628
37VWGMOVT9FOlS6Zj$wGJH;1.02;6.8659999999958305;3.2012500000016892;2.7000000000000006;0$SMXsjU51Ke549i4V22F7;63_LF_Sylvania start eco surf mw2050 840:S1:3330412;2.8040000000000003;28.006;5.825;0.26332653655713356;0.47668879343994514;0.9629629629629628
37VWGMOVT9FOlS6Zj$wGJH;1.02;6.8659999999958305;3.2012500000016892;2.7000000000000006;1$Wz2757PFMQSG7lnVEyi$;64_DD_ledige leiding:ledige leiding:3828926;2.036;29.681249999999903;3.525;0.15147101660367204;0.999999999999576;0.11111111111111102
37VWGMOVT9FOlS6Zj$wGJH;1.02;6.8659999999958305;3.2012500000016892;2.7000000000000006;0EJTPuUQ5AHQ$Jse36Y6dv;64_DD_ledige leiding:ledige leiding:4082396;6.969;29.47775;5.625;0.8699388290130802;0.9364310816083867;0.8888888888888886
37VWGMOVT9FOlS6Zj$wGJI;1.03a;4.10599999999575;2.972750000000058;2.7000000000000006;0$SMXsjU51Ke549i4V22Cu;63_LF_Sylvania start eco surf mw2050 840:S1:3330451;2.949;24.796;5.825;0.4756453969805906;0.5351105878395069;0.9629629629629628
37VWGMOVT9FOlS6Zj$wGJJ;1.03;6.86599999999583;3.2012500000016892;2.7000000000000006;0$SMXsjU51Ke549i4V22Cc;64_DD_ledige leiding:ledige leiding:3330445;1.786;23.0812499999999;3.525;0.1150597145354893;0.9999999999995749;0.11111111111111102
37VWGMOVT9FOlS6Zj$wGJJ;1.03;6.86599999999583;3.2012500000016892;2.7000000000000006;0$SMXsjU51Ke549i4V22C$;63_LF_Sylvania start eco surf mw2050 840:S1:3330452;6.6240000000000006;21.406;5.825;0.8196912321589875;0.476688793439944;0.9629629629629628
37VWGMOVT9FOlS6Zj$wGJJ;1.03;6.86599999999583;3.2012500000016892;2.7000000000000006;0$SMXsjU51Ke549i4V22C_;63_LF_Sylvania start eco surf mw2050 840:S1:3330453;2.8040000000000003;21.406;5.825;0.2633265365571349;0.476688793439944;0.9629629629629628
37VWGMOVT9FOlS6Zj$wGJJ;1.03;6.86599999999583;3.2012500000016892;2.7000000000000006;1$Wz2757PFMQSG7lnVEyj7;64_DD_ledige leiding:ledige leiding:3828934;2.036;23.0812499999999;3.525;0.15147101660367338;0.9999999999995749;0.11111111111111102
37VWGMOVT9FOlS6Zj$wGJJ;1.03;6.86599999999583;3.2012500000016892;2.7000000000000006;0EJTPuUQ5AHQ$Jse36Y6dA;64_DD_ledige leiding:ledige leiding:4082415;6.969;22.877749999999903;5.625;0.8699388290130815;0.9364310816083556;0.8888888888888886
37VWGMOVT9FOlS6Zj$wGJS;1.04a;4.105999999995731;2.972750000000058;2.7000000000000006;0$SMXsjU51Ke549i4V22CN;63_LF_Sylvania start eco surf mw2050 840:S1:3330492;2.949;18.196;5.825;0.47564539698059266;0.5351105878395069;0.9629629629629628
37VWGMOVT9FOlS6Zj$wGJT;1.04;6.8659999999958305;3.201250000001691;2.7000000000000006;0$SMXsjU51Ke549i4V22CT;64_DD_ledige leiding:ledige leiding:3330486;1.786;16.481249999999903;3.525;0.11505971453549083;0.999999999999576;0.11111111111111102
37VWGMOVT9FOlS6Zj$wGJT;1.04;6.8659999999958305;3.201250000001691;2.7000000000000006;0$SMXsjU51Ke549i4V22CM;63_LF_Sylvania start eco surf mw2050 840:S1:3330493;6.6240000000000006;14.806000000000001;5.825;0.819691232158989;0.47668879343994547;0.9629629629629628
37VWGMOVT9FOlS6Zj$wGJT;1.04;6.8659999999958305;3.201250000001691;2.7000000000000006;0$SMXsjU51Ke549i4V22CL;63_LF_Sylvania start eco surf mw2050 840:S1:3330494;2.8040000000000003;14.806000000000001;5.825;0.2633265365571364;0.47668879343994547;0.9629629629629628
37VWGMOVT9FOlS6Zj$wGJT;1.04;6.8659999999958305;3.201250000001691;2.7000000000000006;1$Wz2757PFMQSG7lnVEyjF;64_DD_ledige leiding:ledige leiding:3828942;2.036;16.481249999999903;3.525;0.1514710166036749;0.999999999999576;0.11111111111111102
37VWGMOVT9FOlS6Zj$wGJT;1.04;6.8659999999958305;3.201250000001691;2.7000000000000006;0EJTPuUQ5AHQ$Jse36Y6Wd;64_DD_ledige leiding:ledige leiding:4082434;6.969;16.2777499999999;5.625;0.869938829013083;0.9364310816083556;0.8888888888888886
37VWGMOVT9FOlS6Zj$wGJU;1.05a;4.105999999995719;2.972750000000058;2.7000000000000006;0$SMXsjU51Ke549i4V22DE;63_LF_Sylvania start eco surf mw2050 840:S1:3330533;2.949;11.596;5.825;0.4756453969805974;0.5351105878395069;0.9629629629629628
37VWGMOVT9FOlS6Zj$wGJV;1.02b;2.6475000000003073;2.1889999999999965;2.7000000000000006;0$SMXsjU51Ke549i4V22FC;64_DD_ledige leiding:ledige leiding:3330407;5.452;30.59;4.745;0.09442870632846859;0.00045682960255718184;0.5629629629629629
37VWGMOVT9FOlS6Zj$wGJV;1.02b;2.6475000000003073;2.1889999999999965;2.7000000000000006;0$SMXsjU51Ke549i4V22F3;63_LF_Trilux Aviella C07 OA 2000-830:TR1:3330408;6.532;31.689;5.6450000000000005;0.502360717659866;0.5025125628140702;0.8962962962962963
37VWGMOVT9FOlS6Zj$wGJV;1.02b;2.6475000000003073;2.1889999999999965;2.7000000000000006;0$SMXsjU51Ke549i4V22FN;63_lf_Thorneco ELSA LED 600 1200 WH:TH1:3330428;5.7618374087812;32.778;5.495;0.21145888905978644;1.0;0.8407407407407406
37VWGMOVT9FOlS6Zj$wGJO;1.03b;2.6475000000003064;2.189;2.7000000000000006;0$SMXsjU51Ke549i4V22Cx;64_DD_ledige leiding:ledige leiding:3330448;5.452;23.990000000000002;4.745;0.09442870632847634;0.0004568296025588041;0.5629629629629629
37VWGMOVT9FOlS6Zj$wGJO;1.03b;2.6475000000003064;2.189;2.7000000000000006;0$SMXsjU51Ke549i4V22Cw;63_LF_Trilux Aviella C07 OA 2000-830:TR1:3330449;6.532;25.089000000000002;5.6450000000000005;0.5023607176598739;0.502512562814071;0.8962962962962963
37VWGMOVT9FOlS6Zj$wGJO;1.03b;2.6475000000003064;2.189;2.7000000000000006;0$SMXsjU51Ke549i4V22CE;63_lf_Thorneco ELSA LED 600 1200 WH:TH1:3330469;5.76183740878119;26.178;5.495;0.21145888905979052;1.0;0.8407407407407406
37VWGMOVT9FOlS6Zj$wGJP;1.04b;2.6475000000003064;2.189;2.7000000000000006;0$SMXsjU51Ke549i4V22CI;64_DD_ledige leiding:ledige leiding:3330489;5.452;17.39;4.745;0.09442870632848373;0.0004568296025571811;0.5629629629629629
37VWGMOVT9FOlS6Zj$wGJP;1.04b;2.6475000000003064;2.189;2.7000000000000006;0$SMXsjU51Ke549i4V22CH;63_LF_Trilux Aviella C07 OA 2000-830:TR1:3330490;6.532;18.489;5.6450000000000005;0.5023607176598813;0.5025125628140694;0.8962962962962963
37VWGMOVT9FOlS6Zj$wGJP;1.04b;2.6475000000003064;2.189;2.7000000000000006;0$SMXsjU51Ke549i4V22Db;63_lf_Thorneco ELSA LED 600 1200 WH:TH1:3330510;5.76183740878118;19.578;5.495;0.2114588890597942;0.9999999999999983;0.8407407407407406
37VWGMOVT9FOlS6Zj$wGJQ;1.05b;2.6475000000005036;2.189;2.7000000000000006;0$SMXsjU51Ke549i4V22D9;64_DD_ledige leiding:ledige leiding:3330530;5.452;10.790000000000001;4.745;0.0944287063284881;0.0004568296025588041;0.5629629629629629
37VWGMOVT9FOlS6Zj$wGJQ;1.05b;2.6475000000005036;2.189;2.7000000000000006;0$SMXsjU51Ke549i4V22D8;63_LF_Trilux Aviella C07 OA 2000-830:TR1:3330531;6.532;11.889000000000001;5.6450000000000005;0.5023607176598552;0.502512562814071;0.8962962962962963
37VWGMOVT9FOlS6Zj$wGJQ;1.05b;2.6475000000005036;2.189;2.7000000000000006;0$SMXsjU51Ke549i4V22DS;63_lf_Thorneco ELSA LED 600 1200 WH:TH1:3330551;5.76183740878117;12.978;5.495;0.21145888905978585;1.0;0.8407407407407406
37VWGMOVT9FOlS6Zj$wGJR;1.01b;2.6475000000002016;2.1594999999996247;2.7000000000000006;0$SMXsjU51Ke549i4V22JT;63_LF_Trilux Aviella C07 OA 2000-830:TR1:3331702;6.532;38.289;5.6450000000000005;0.5023607176598787;0.5089141004857545;0.8962962962962963
37VWGMOVT9FOlS6Zj$wGJR;1.01b;2.6475000000002016;2.1594999999996247;2.7000000000000006;0$SMXsjU51Ke549i4V22GX;63_lf_Thorneco ELSA LED 600 1200 WH:TH1:3331722;5.76183740878121;39.3495000000008;5.495;0.21145888905979118;0.9999999999999868;0.8407407407407406
37VWGMOVT9FOlS6Zj$wGKa;1.14a;2.95675000000119;4.1060000000016075;2.7000000000000006;3FnynADi99dvfBYZcaNJDA;63_LF_Trilux Aviella C07 OA 2000-830:TR1:3291615;2.3317499999993;48.421;2.38;0.4517629153630515;0.2350219191417702;-0.31296296296296294
37VWGMOVT9FOlS6Zj$wGKa;1.14a;2.95675000000119;4.1060000000016075;2.7000000000000006;3FnynADi99dvfBYZcaNJD5;63_LF_Trilux Aviella C07 OA 2000-830:TR1:3291616;3.5317499999993003;48.421;2.38;0.8576139342180501;0.2350219191417702;-0.31296296296296294
37VWGMOVT9FOlS6Zj$wGKa;1.14a;2.95675000000119;4.1060000000016075;2.7000000000000006;3o1fODsJ14zOYZu8QzZXeT;63_LF_Sylvania start eco surf mw2050 840:S1:3332201;2.3890000000000002;49.608674817543395;5.825;0.4711253910544955;0.5242754061225132;0.9629629629629628
37VWGMOVT9FOlS6Zj$wGKa;1.14a;2.95675000000119;4.1060000000016075;2.7000000000000006;2vl4OGL611DRo1pQCUVB8j;64_DD_ledige leiding:ledige leiding:3392769;3.95275000000008;50.137;3.525;0.9999999999999425;0.6529469069643054;0.11111111111111102
37VWGMOVT9FOlS6Zj$wGKa;1.14a;2.95675000000119;4.1060000000016075;2.7000000000000006;2vl4OGL611DRo1pQCUVB8k;64_DD_ledige leiding:ledige leiding:3392770;3.95275000000008;50.387;3.525;0.9999999999999425;0.7138334145142085;0.11111111111111102
37VWGMOVT9FOlS6Zj$wGKb;1.14c;0.911000000000032;1.745999999999242;2.7000000000000006;3o1fODsJ14zOYZu8QzZXe3;63_LF_Focon_FO641:F1:3332215;3.95375000000465;46.3957500000096;5.825;0.7516465422662876;0.4500286368897807;0.9629629629629628
37VWGMOVT9FOlS6Zj$wGKd;1.13c;0.9110000000000511;1.745999999999242;2.7000000000000006;0QUKRE7Jv05BlN1G8KIOI1;63_LF_Focon_FO641:F1:3333062;10.5537500000046;46.3957500000096;5.825;0.7516465422662333;0.4500286368897807;0.9629629629629628
37VWGMOVT9FOlS6Zj$wGKX;1.13a;2.9722499999994003;4.10600000000241;2.7000000000000006;0QUKRE7Jv05BlN1G8KIOJz;63_LF_Sylvania start eco surf mw2050 840:S1:3333050;8.989;49.6086748175433;5.825;0.47388342165009645;0.5242754061223848;0.9629629629629628
37VWGMOVT9FOlS6Zj$wGKX;1.13a;2.9722499999994003;4.10600000000241;2.7000000000000006;2vl4OGL611DRo1pQCUVBDn;64_DD_ledige leiding:ledige leiding:3392605;10.5527500000001;50.137;3.525;0.9999999999999714;0.6529469069641742;0.11111111111111102
37VWGMOVT9FOlS6Zj$wGKX;1.13a;2.9722499999994003;4.10600000000241;2.7000000000000006;2vl4OGL611DRo1pQCUVBDo;64_DD_ledige leiding:ledige leiding:3392606;10.5527500000001;50.387;3.525;0.9999999999999714;0.7138334145140653;0.11111111111111102
37VWGMOVT9FOlS6Zj$wGKY;1.14;3.2007500000016407;6.866000000001428;2.7000000000000006;2o_CtByNL6YeZ7uA6YaXIt;63_LF_Trilux_Onplana D09 OTA25 3000-830 ET  01:TR7:3318360;7.228;50.4624999999999;2.6;0.9845348746381456;0.8398630935034769;-0.23148148148148143
37VWGMOVT9FOlS6Zj$wGKY;1.14;3.2007500000016407;6.866000000001428;2.7000000000000006;2o_CtByNL6YeZ7uA6YaXHC;63_LF_Trilux_Onplana D09 OTA25 3000-830 ET  01:TR7:3318366;7.228;45.7964999999999;2.6;0.9845348746381456;0.16028255170344388;-0.23148148148148143
37VWGMOVT9FOlS6Zj$wGKY;1.14;3.2007500000016407;6.866000000001428;2.7000000000000006;3o1fODsJ14zOYZu8QzZXeU;63_LF_Sylvania start eco surf mw2050 840:S1:3332202;5.779;45.9336748175322;5.825;0.5318284777001602;0.18026140657269368;0.9629629629629628
37VWGMOVT9FOlS6Zj$wGKY;1.14;3.2007500000016407;6.866000000001428;2.7000000000000006;3o1fODsJ14zOYZu8QzZXeV;63_LF_Sylvania start eco surf mw2050 840:S1:3332203;5.779;49.8336748175322;5.825;0.5318284777001602;0.7482777188359019;0.9629629629629628
37VWGMOVT9FOlS6Zj$wGKY;1.14;3.2007500000016407;6.866000000001428;2.7000000000000006;1iHz0sTDD9SfC$WGFOQ9lo;63_LF_Taurac_B1D14601 LED 4W noodverlichting:T1:3525195;7.228;46.823499999999896;2.6;0.9845348746381456;0.3098601805994212;-0.23148148148148143
37VWGMOVT9FOlS6Zj$wGKY;1.14;3.2007500000016407;6.866000000001428;2.7000000000000006;3DFuBDfhT0692KuAHqXVFD;63_LF_Trilux_Onplana D09 OTA25 3000-830 ET  01:TR7:3820226;7.228;48.1294999999999;2.6;0.9845348746381456;0.5000728226034604;-0.23148148148148143
37VWGMOVT9FOlS6Zj$wGKY;1.14;3.2007500000016407;6.866000000001428;2.7000000000000006;1C88MlY7fAv8YKvrm43FHz;64_DD_ledige leiding:ledige leiding:4086185;4.28519657801223;45.589;5.625;0.06512429212271606;0.13006117098688977;0.8888888888888886
37VWGMOVT9FOlS6Zj$wGKZ;1.13;3.20080000000101;6.866000000001449;2.7000000000000006;0QUKRE7Jv05BlN1G8KIOJy;63_LF_Sylvania start eco surf mw2050 840:S1:3333051;12.379;45.9336748175322;5.825;0.5318201699572394;0.18026140657269416;0.9629629629629628
37VWGMOVT9FOlS6Zj$wGKZ;1.13;3.20080000000101;6.866000000001449;2.7000000000000006;0QUKRE7Jv05BlN1G8KIOJx;63_LF_Sylvania start eco surf mw2050 840:S1:3333052;12.379;49.8336748175322;5.825;0.5318201699572394;0.7482777188359007;0.9629629629629628
37VWGMOVT9FOlS6Zj$wGKZ;1.13;3.20080000000101;6.866000000001449;2.7000000000000006;1C88MlY7fAv8YKvrm43FUy;64_DD_ledige leiding:ledige leiding:4086376;10.885196578012199;45.589;5.625;0.06512327480998571;0.1300611709868904;0.8888888888888886
37VWGMOVT9FOlS6Zj$wGKi;1.12;2.9934499999999087;6.866000000001868;2.7000000000000006;31uCK7unLDzfoUVDR4dDNb;63_LF_Sylvania start eco surf mw2050 840:S1:3254582;15.735000000000001;45.6383140774137;5.825;0.5232925220061793;0.1372435300626144;0.9629629629629628
37VWGMOVT9FOlS6Zj$wGKi;1.12;2.9934499999999087;6.866000000001868;2.7000000000000006;31uCK7unLDzfoUVDR4dDMR;63_LF_Sylvania start eco surf mw2050 840:S1:3254600;15.7352975381639;49.61640165888681;5.825;0.5233919184096265;0.7166329243929409;0.9629629629629628
37VWGMOVT9FOlS6Zj$wGKi;1.12;2.9934499999999087;6.866000000001868;2.7000000000000006;31uCK7unLDzfoUVDR4dDM4;64_DD_ledige leiding:ledige leiding:3254615;15.137170215483401;47.1521623051391;4.745;0.32357988791621006;0.35772827048279865;0.5629629629629629
37VWGMOVT9FOlS6Zj$wGKi;1.12;2.9934499999999087;6.866000000001868;2.7000000000000006;31uCK7unLDzfoUVDR4dDMs;64_DD_ledige leiding:ledige leiding:3254629;17.162;51.4722000000027;4.275;0.9999999999998125;0.986921060296726;0.3888888888888889
37VWGMOVT9FOlS6Zj$wGKi;1.12;2.9934499999999087;6.866000000001868;2.7000000000000006;2o_CtByNL6YeZ7uA6YaXGx;63_LF_Trilux_Onplana D09 OTA25 3000-830 ET  01:TR7:3318378;14.429;50.5294999999999;2.6;0.0870066311444509;0.8496213224577301;-0.23148148148148143
37VWGMOVT9FOlS6Zj$wGKi;1.12;2.9934499999999087;6.866000000001868;2.7000000000000006;0fynW2wrLBRv3QXxllvAQz;64_DD_ledige leiding:ledige leiding:4077855;15.2267500000001;49.4292442875716;4.825;0.35350515291702916;0.6893743500679835;0.5925925925925924
37VWGMOVT9FOlS6Zj$wGKi;1.12;2.9934499999999087;6.866000000001868;2.7000000000000006;0fynW2wrLBRv3QXxllvARs;64_DD_ledige leiding:ledige leiding:4077908;15.2267500000001;48.808;4.825;0.35350515291702916;0.5988930964164498;0.5925925925925924
37VWGMOVT9FOlS6Zj$wGKi;1.12;2.9934499999999087;6.866000000001868;2.7000000000000006;0fynW2wrLBRv3QXxllvAL7;64_DD_ledige leiding:ledige leiding:4078309;15.2267500000001;46.820961253376105;3.525;0.35350515291702916;0.30949042431867024;0.11111111111111102
37VWGMOVT9FOlS6Zj$wGKi;1.12;2.9934499999999087;6.866000000001868;2.7000000000000006;261sUsbHb6GADGpywiZTLQ;64_DD_ledige leiding:ledige leiding:4079085;15.2267500000001;45.561;5.625;0.35350515291702916;0.12598310515529101;0.8888888888888886
37VWGMOVT9FOlS6Zj$wGKi;1.12;2.9934499999999087;6.866000000001868;2.7000000000000006;0WEunR3iX2VxQbiDHOLEIw;64_DD_ledige leiding:ledige leiding:4114555;17.162;51.392200000002696;4.275;0.9999999999998125;0.9752694436349165;0.3888888888888889
37VWGMOVT9FOlS6Zj$wGKi;1.12;2.9934499999999087;6.866000000001868;2.7000000000000006;2PBTEBlYj5n9Jng9pOSUsX;64_DD_ledige leiding:ledige leiding:4493214;17.162;48.455;4.275;0.9999999999998125;0.5474803378962189;0.3888888888888889
37VWGMOVT9FOlS6Zj$wGKk;1.12a;0.9581999999999979;2.5620000000000545;2.7000000000000006;31uCK7unLDzfoUVDR4dDNZ;63_LF_Trilux Aviella C07 OA 2000-830:TR1:3254576;14.653085107742;48.122249999989904;5.6450000000000005;0.5056722059506359;0.454820452767333;0.8962962962962963
37VWGMOVT9FOlS6Zj$wGKk;1.12a;0.9581999999999979;2.5620000000000545;2.7000000000000006;31uCK7unLDzfoUVDR4dDNi;63_lf_Thorneco ELSA LED 600 1200 WH:TH1:3254591;14.169;48.2394999999875;5.495;0.000469630557190019;0.5005854800887984;0.8407407407407406
37VWGMOVT9FOlS6Zj$wGKk;1.12a;0.9581999999999979;2.5620000000000545;2.7000000000000006;2o_CtByNL6YeZ7uA6YaXGy;63_LF_Trilux_Onplana D09 OTA25 3000-830 ET  01:TR7:3318381;14.429;48.1294999999999;2.6;0.2718117303275932;0.45765027322400603;-0.23148148148148143
37VWGMOVT9FOlS6Zj$wGKk;1.12a;0.9581999999999979;2.5620000000000545;2.7000000000000006;1iHz0sTDD9SfC$WGFOQ9kc;63_LF_Taurac_B1D14601 LED 4W noodverlichting:T1:3525151;14.429;49.2234999999999;2.6;0.2718117303275932;0.8846604215456212;-0.23148148148148143
37VWGMOVT9FOlS6Zj$wGKl;1.12b;0.9582000000000015;1.038000000000011;2.7000000000000006;31uCK7unLDzfoUVDR4dDNs;63_LF_Focon_FO641:F1:3254565;14.848085107742;45.984499999992394;5.825;0.7091787807784361;0.36078998072167046;0.9629629629629628
37VWGMOVT9FOlS6Zj$wGKl;1.12b;0.9582000000000015;1.038000000000011;2.7000000000000006;2o_CtByNL6YeZ7uA6YaXGn;63_LF_Trilux_Onplana D09 OTA25 3000-830 ET  01:TR7:3318384;14.429;45.7964999999999;2.6;0.2718117303275922;0.17967244701021579;-0.23148148148148143
37VWGMOVT9FOlS6Zj$wGKe;1.14b;2.1604999999998853;2.647500000000015;2.7000000000000006;3o1fODsJ14zOYZu8QzZXeI;64_DD_ledige leiding:ledige leiding:3332198;3.169;47.105674817532005;4.745;0.9999999999999836;0.9054484674328915;0.5629629629629629
37VWGMOVT9FOlS6Zj$wGKe;1.14b;2.1604999999998853;2.647500000000015;2.7000000000000006;3o1fODsJ14zOYZu8QzZXeJ;63_LF_Trilux Aviella C07 OA 2000-830:TR1:3332199;2.08250000000029;46.026;5.6450000000000005;0.4971071511225165;0.49763928234054183;0.8962962962962963
37VWGMOVT9FOlS6Zj$wGKf;1.13b;2.1884999999993697;2.647499999999752;2.7000000000000006;0QUKRE7Jv05BlN1G8KIOJm;64_DD_ledige leiding:ledige leiding:3333047;9.769;47.105674817532005;4.745;0.9999999999999911;0.905448467432909;0.5629629629629629
37VWGMOVT9FOlS6Zj$wGKf;1.13b;2.1884999999993697;2.647499999999752;2.7000000000000006;0QUKRE7Jv05BlN1G8KIOJ$;63_LF_Trilux Aviella C07 OA 2000-830:TR1:3333048;8.696;46.0256748175287;5.6450000000000005;0.5097098469269687;0.49751645610017864;0.8962962962962963
3rSxVscxD7JeGnfBbKjeC_;1.11;6.865999999995612;3.2012500000010107;2.7000000000000006;101lFrvj97lAzAEhtFeC2g;63_LF_Norton_WDO-SV-RS 28W:N1:3241530;25.347;46.844;2.6;0.7502184678122783;0.4885591565797553;-0.23148148148148143
3rSxVscxD7JeGnfBbKjeC_;1.11;6.865999999995612;3.2012500000010107;2.7000000000000006;101lFrvj97lAzAEhtFeC2h;63_LF_Norton_WDO-SV-RS 28W:N1:3241531;21.911;46.844;2.6;0.24978153218714058;0.4885591565797553;-0.23148148148148143
3rSxVscxD7JeGnfBbKjeC_;1.11;6.865999999995612;3.2012500000010107;2.7000000000000006;1zKITG9c55a8VntybRzk4C;63_LF_Sylvania start eco surf mw2050 840:S1:3336730;21.434;46.7755623883495;5.825;0.18030876784104313;0.46718075387753566;0.9629629629629628
3rSxVscxD7JeGnfBbKjeC_;1.11;6.865999999995612;3.2012500000010107;2.7000000000000006;1zKITG9c55a8VntybRzk4D;63_LF_Sylvania start eco surf mw2050 840:S1:3336731;25.254;46.7755623883495;5.825;0.7366734634429134;0.46718075387753566;0.9629629629629628
3rSxVscxD7JeGnfBbKjeC_;1.11;6.865999999995612;3.2012500000010107;2.7000000000000006;1lNsA3zdb8KAsgaZhrPf1V;64_DD_ledige leiding:ledige leiding:4081849;21.089000000000002;48.2728034219915;5.625;0.13006117098694767;0.9348858795757865;0.8888888888888886
3rSxVscxD7JeGnfBbKjeCv;1.11a;4.105999999995728;2.9567500000072613;2.7000000000000006;101lFrvj97lAzAEhtFeC2e;63_LF_Norton_WDO-SV-RS 28W:N1:3241528;25.347;49.987;2.6;0.5823185582071696;0.46732053775157856;-0.23148148148148143
3rSxVscxD7JeGnfBbKjeCv;1.11a;4.105999999995728;2.9567500000072613;2.7000000000000006;1zKITG9c55a8VntybRzk4F;63_LF_Sylvania start eco surf mw2050 840:S1:3336729;25.109;50.165562388350104;5.825;0.5243546030195789;0.5277119771190135;0.9629629629629628
3rSxVscxD7JeGnfBbKjeCv;1.11a;4.105999999995728;2.9567500000072613;2.7000000000000006;1Oeycrr3H6rPCzlpApDNgF;64_DD_ledige leiding:ledige leiding:3392567;25.6368467285657;48.605249999999806;3.525;0.6529095783157913;6.007801942659637e-14;0.11111111111111102
3rSxVscxD7JeGnfBbKjeCv;1.11a;4.105999999995728;2.9567500000072613;2.7000000000000006;1Oeycrr3H6rPCzlpApDNg0;64_DD_ledige leiding:ledige leiding:3392568;25.8868467285657;48.605249999999806;3.525;0.7137960858657816;6.007801942659637e-14;0.11111111111111102
